"game_pk","officialDate","gameNumber","doubleHeader","away_team_name","home_team_name","VisitorRunsScored","HomeRunsScored","F5_VisitorRunsScored","F5_HomeRunsScored"
663178,"2022-04-07",1,"N","Milwaukee Brewers","Chicago Cubs",4,5,1,3
662766,"2022-04-07",1,"N","Cleveland Guardians","Kansas City Royals",1,3,1,1
662021,"2022-04-07",1,"N","Pittsburgh Pirates","St. Louis Cardinals",0,9,0,4
662571,"2022-04-07",1,"N","New York Mets","Washington Nationals",5,1,2,0
661577,"2022-04-07",1,"N","Cincinnati Reds","Atlanta Braves",6,3,3,1
661042,"2022-04-07",1,"N","Houston Astros","Los Angeles Angels",3,1,1,0
663418,"2022-04-07",1,"N","San Diego Padres","Arizona Diamondbacks",2,4,2,0
661333,"2022-04-08",1,"N","Boston Red Sox","New York Yankees",5,6,3,3
662888,"2022-04-08",1,"N","Chicago White Sox","Detroit Tigers",4,5,3,0
661131,"2022-04-08",1,"N","Oakland Athletics","Philadelphia Phillies",5,9,1,5
661918,"2022-04-08",1,"N","Baltimore Orioles","Tampa Bay Rays",1,2,0,1
662933,"2022-04-08",1,"N","Los Angeles Dodgers","Colorado Rockies",5,3,5,2
661750,"2022-04-08",1,"N","Seattle Mariners","Minnesota Twins",2,1,2,1
662124,"2022-04-08",1,"N","Miami Marlins","San Francisco Giants",5,6,0,3
662559,"2022-04-08",1,"N","New York Mets","Washington Nationals",7,3,4,3
661782,"2022-04-08",1,"N","Texas Rangers","Toronto Blue Jays",8,10,7,7
661576,"2022-04-08",1,"N","Cincinnati Reds","Atlanta Braves",6,7,1,7
661041,"2022-04-08",1,"N","Houston Astros","Los Angeles Angels",13,6,3,2
663417,"2022-04-08",1,"N","San Diego Padres","Arizona Diamondbacks",3,0,0,0
661917,"2022-04-09",1,"N","Baltimore Orioles","Tampa Bay Rays",3,5,2,5
662864,"2022-04-09",1,"N","Chicago White Sox","Detroit Tigers",5,2,2,0
661756,"2022-04-09",1,"N","Seattle Mariners","Minnesota Twins",4,3,2,1
662020,"2022-04-09",1,"N","Pittsburgh Pirates","St. Louis Cardinals",2,6,2,5
663205,"2022-04-09",1,"N","Milwaukee Brewers","Chicago Cubs",0,9,0,7
661803,"2022-04-09",1,"N","Texas Rangers","Toronto Blue Jays",3,4,3,3
661130,"2022-04-09",1,"N","Oakland Athletics","Philadelphia Phillies",2,4,0,2
662123,"2022-04-09",1,"N","Miami Marlins","San Francisco Giants",2,1,1,1
661332,"2022-04-09",1,"N","Boston Red Sox","New York Yankees",2,4,2,2
662765,"2022-04-09",1,"N","Cleveland Guardians","Kansas City Royals",0,1,0,0
662588,"2022-04-09",1,"N","New York Mets","Washington Nationals",5,0,4,0
661575,"2022-04-09",1,"N","Cincinnati Reds","Atlanta Braves",1,2,0,2
662931,"2022-04-09",1,"N","Los Angeles Dodgers","Colorado Rockies",2,3,1,1
663404,"2022-04-09",1,"N","San Diego Padres","Arizona Diamondbacks",5,2,2,1
661040,"2022-04-09",1,"N","Houston Astros","Los Angeles Angels",0,2,0,1
661129,"2022-04-10",1,"N","Oakland Athletics","Philadelphia Phillies",4,1,0,0
661916,"2022-04-10",1,"N","Baltimore Orioles","Tampa Bay Rays",0,8,0,4
662887,"2022-04-10",1,"N","Chicago White Sox","Detroit Tigers",10,1,5,1
662570,"2022-04-10",1,"N","New York Mets","Washington Nationals",2,4,2,1
661573,"2022-04-10",1,"N","Cincinnati Reds","Atlanta Braves",6,3,6,3
661802,"2022-04-10",1,"N","Texas Rangers","Toronto Blue Jays",12,6,9,6
662755,"2022-04-10",1,"N","Cleveland Guardians","Kansas City Royals",17,3,13,2
661738,"2022-04-10",1,"N","Seattle Mariners","Minnesota Twins",4,10,4,8
662019,"2022-04-10",1,"N","Pittsburgh Pirates","St. Louis Cardinals",9,4,7,3
663204,"2022-04-10",1,"N","Milwaukee Brewers","Chicago Cubs",5,4,1,3
662934,"2022-04-10",1,"N","Los Angeles Dodgers","Colorado Rockies",4,9,4,7
662122,"2022-04-10",1,"N","Miami Marlins","San Francisco Giants",2,3,2,3
661039,"2022-04-10",1,"N","Houston Astros","Los Angeles Angels",4,1,2,1
663395,"2022-04-10",1,"N","San Diego Padres","Arizona Diamondbacks",10,5,8,0
661316,"2022-04-10",1,"N","Boston Red Sox","New York Yankees",4,3,3,3
662754,"2022-04-11",1,"N","Cleveland Guardians","Kansas City Royals",10,7,4,4
663403,"2022-04-11",1,"N","Milwaukee Brewers","Baltimore Orioles",0,2,0,2
662042,"2022-04-11",1,"N","Colorado Rockies","Texas Rangers",6,4,1,3
662863,"2022-04-11",1,"N","Boston Red Sox","Detroit Tigers",1,3,1,1
661915,"2022-04-11",1,"N","Oakland Athletics","Tampa Bay Rays",13,2,9,0
661637,"2022-04-11",1,"N","New York Mets","Philadelphia Phillies",4,5,3,0
661315,"2022-04-11",1,"N","Toronto Blue Jays","New York Yankees",3,0,2,0
661572,"2022-04-11",1,"N","Washington Nationals","Atlanta Braves",11,2,5,1
661754,"2022-04-11",1,"N","Seattle Mariners","Minnesota Twins",0,4,0,4
661036,"2022-04-11",1,"N","Miami Marlins","Los Angeles Angels",2,6,1,4
662116,"2022-04-11",1,"N","San Diego Padres","San Francisco Giants",4,2,2,1
662862,"2022-04-12",1,"N","Boston Red Sox","Detroit Tigers",5,3,0,3
663088,"2022-04-12",1,"N","Cleveland Guardians","Cincinnati Reds",10,5,4,0
661538,"2022-04-12",1,"N","Seattle Mariners","Chicago White Sox",2,3,1,1
662318,"2022-04-12",1,"N","Chicago Cubs","Pittsburgh Pirates",2,1,1,0
661944,"2022-04-12",1,"N","Oakland Athletics","Tampa Bay Rays",8,9,3,6
661636,"2022-04-12",1,"N","New York Mets","Philadelphia Phillies",2,0,1,0
661314,"2022-04-12",1,"N","Toronto Blue Jays","New York Yankees",0,4,0,3
663295,"2022-04-12",1,"N","Milwaukee Brewers","Baltimore Orioles",5,4,4,4
661038,"2022-04-12",1,"N","Miami Marlins","Los Angeles Angels",3,4,1,1
661571,"2022-04-12",1,"N","Washington Nationals","Atlanta Braves",4,16,1,11
661753,"2022-04-12",1,"N","Los Angeles Dodgers","Minnesota Twins",7,2,1,1
662017,"2022-04-12",1,"N","Kansas City Royals","St. Louis Cardinals",5,6,3,6
661995,"2022-04-12",1,"N","Colorado Rockies","Texas Rangers",4,1,3,1
663411,"2022-04-12",1,"N","Houston Astros","Arizona Diamondbacks",2,1,1,0
662104,"2022-04-12",1,"N","San Diego Padres","San Francisco Giants",2,13,2,11
661570,"2022-04-13",1,"N","Washington Nationals","Atlanta Braves",3,1,2,0
663117,"2022-04-13",1,"N","Cleveland Guardians","Cincinnati Reds",7,3,6,1
662317,"2022-04-13",1,"N","Chicago Cubs","Pittsburgh Pirates",2,6,2,6
661643,"2022-04-13",1,"N","New York Mets","Philadelphia Phillies",9,6,4,1
662885,"2022-04-13",1,"N","Boston Red Sox","Detroit Tigers",9,7,7,2
661734,"2022-04-13",1,"N","Los Angeles Dodgers","Minnesota Twins",7,0,3,0
663341,"2022-04-13",1,"N","Houston Astros","Arizona Diamondbacks",2,3,0,1
662115,"2022-04-13",1,"N","San Diego Padres","San Francisco Giants",1,2,1,2
661943,"2022-04-13",1,"N","Oakland Athletics","Tampa Bay Rays",4,2,3,1
661313,"2022-04-13",1,"N","Toronto Blue Jays","New York Yankees",6,4,3,3
663433,"2022-04-13",1,"N","Milwaukee Brewers","Baltimore Orioles",4,2,2,0
661530,"2022-04-13",1,"N","Seattle Mariners","Chicago White Sox",4,6,3,4
661942,"2022-04-14",1,"N","Oakland Athletics","Tampa Bay Rays",6,3,6,1
661529,"2022-04-14",1,"N","Seattle Mariners","Chicago White Sox",5,1,2,1
661292,"2022-04-14",1,"N","St. Louis Cardinals","Milwaukee Brewers",1,5,0,4
662307,"2022-04-14",1,"N","Washington Nationals","Pittsburgh Pirates",4,9,4,6
661418,"2022-04-14",1,"N","Philadelphia Phillies","Miami Marlins",3,4,1,4
661312,"2022-04-14",1,"N","Toronto Blue Jays","New York Yankees",0,3,0,2
661993,"2022-04-14",1,"N","Los Angeles Angels","Texas Rangers",5,10,2,10
662702,"2022-04-14",1,"N","Detroit Tigers","Kansas City Royals",4,2,2,2
662237,"2022-04-14",1,"N","Atlanta Braves","San Diego Padres",1,12,0,5
662950,"2022-04-14",1,"N","Chicago Cubs","Colorado Rockies",5,2,3,2
662627,"2022-04-14",1,"N","Cincinnati Reds","Los Angeles Dodgers",3,9,0,3
662485,"2022-04-15",1,"N","Arizona Diamondbacks","New York Mets",3,10,0,5
663265,"2022-04-15",1,"N","Minnesota Twins","Boston Red Sox",8,4,6,1
662291,"2022-04-15",1,"N","Washington Nationals","Pittsburgh Pirates",7,2,5,2
661417,"2022-04-15",1,"N","Philadelphia Phillies","Miami Marlins",1,7,0,6
663357,"2022-04-15",1,"N","New York Yankees","Baltimore Orioles",1,2,1,0
661792,"2022-04-15",1,"N","Oakland Athletics","Toronto Blue Jays",1,4,0,2
663136,"2022-04-15",1,"N","San Francisco Giants","Cleveland Guardians",4,1,1,0
661528,"2022-04-15",1,"N","Tampa Bay Rays","Chicago White Sox",2,3,0,3
662014,"2022-04-15",1,"N","Los Angeles Angels","Texas Rangers",9,6,7,6
662701,"2022-04-15",1,"N","Detroit Tigers","Kansas City Royals",2,1,0,1
661267,"2022-04-15",1,"N","St. Louis Cardinals","Milwaukee Brewers",10,1,8,0
662960,"2022-04-15",1,"N","Chicago Cubs","Colorado Rockies",5,6,4,6
662236,"2022-04-15",1,"N","Atlanta Braves","San Diego Padres",5,2,2,2
662192,"2022-04-15",1,"N","Houston Astros","Seattle Mariners",1,11,0,4
662620,"2022-04-15",1,"N","Cincinnati Reds","Los Angeles Dodgers",1,3,0,3
662626,"2022-04-16",1,"N","Arizona Diamondbacks","New York Mets",3,2,0,0
661527,"2022-04-16",1,"N","Tampa Bay Rays","Chicago White Sox",2,3,1,2
661759,"2022-04-16",1,"N","Oakland Athletics","Toronto Blue Jays",7,5,5,2
662235,"2022-04-16",1,"N","Atlanta Braves","San Diego Padres",5,2,4,1
662798,"2022-04-16",1,"N","Detroit Tigers","Kansas City Royals",1,3,1,1
663238,"2022-04-16",1,"N","Minnesota Twins","Boston Red Sox",0,4,0,4
663076,"2022-04-16",1,"N","San Francisco Giants","Cleveland Guardians",4,2,2,2
661416,"2022-04-16",1,"N","Philadelphia Phillies","Miami Marlins",10,3,8,2
662290,"2022-04-16",1,"N","Washington Nationals","Pittsburgh Pirates",4,6,2,3
661981,"2022-04-16",1,"N","Los Angeles Angels","Texas Rangers",7,2,3,2
663266,"2022-04-16",1,"N","New York Yankees","Baltimore Orioles",5,2,4,2
661335,"2022-04-16",1,"N","St. Louis Cardinals","Milwaukee Brewers",2,1,1,0
662966,"2022-04-16",1,"N","Chicago Cubs","Colorado Rockies",6,9,1,8
662206,"2022-04-16",1,"N","Houston Astros","Seattle Mariners",4,0,3,0
662619,"2022-04-16",1,"N","Cincinnati Reds","Los Angeles Dodgers",2,5,0,0
663365,"2022-04-17",1,"N","New York Yankees","Baltimore Orioles",0,5,0,0
662294,"2022-04-17",1,"N","Washington Nationals","Pittsburgh Pirates",3,5,3,0
663308,"2022-04-17",1,"N","Minnesota Twins","Boston Red Sox",1,8,0,0
661804,"2022-04-17",1,"N","Oakland Athletics","Toronto Blue Jays",3,4,2,4
662625,"2022-04-17",1,"N","Arizona Diamondbacks","New York Mets",0,5,0,0
663132,"2022-04-17",1,"N","San Francisco Giants","Cleveland Guardians",8,1,4,0
661415,"2022-04-17",1,"N","Philadelphia Phillies","Miami Marlins",3,11,1,7
661462,"2022-04-17",1,"N","Tampa Bay Rays","Chicago White Sox",9,3,4,2
661226,"2022-04-17",1,"N","St. Louis Cardinals","Milwaukee Brewers",5,6,3,4
662038,"2022-04-17",1,"N","Los Angeles Angels","Texas Rangers",8,3,4,3
662930,"2022-04-17",1,"N","Chicago Cubs","Colorado Rockies",6,4,5,0
662618,"2022-04-17",1,"N","Cincinnati Reds","Los Angeles Dodgers",1,9,0,7
662174,"2022-04-17",1,"N","Houston Astros","Seattle Mariners",2,7,0,6
662234,"2022-04-17",1,"N","Atlanta Braves","San Diego Padres",1,2,0,2
663236,"2022-04-18",1,"N","Minnesota Twins","Boston Red Sox",8,3,4,1
663197,"2022-04-18",1,"N","Tampa Bay Rays","Chicago Cubs",2,4,2,2
661242,"2022-04-18",1,"N","Pittsburgh Pirates","Milwaukee Brewers",1,6,1,6
662928,"2022-04-18",1,"N","Los Angeles Angels","Houston Astros",3,8,2,4
662929,"2022-04-18",1,"N","Philadelphia Phillies","Colorado Rockies",1,4,0,0
662407,"2022-04-18",1,"N","Baltimore Orioles","Oakland Athletics",1,5,1,1
662233,"2022-04-18",1,"N","Cincinnati Reds","San Diego Padres",1,4,1,3
662617,"2022-04-18",1,"N","Atlanta Braves","Los Angeles Dodgers",4,7,1,6
662587,"2022-04-19",1,"S","Arizona Diamondbacks","Washington Nationals",1,6,1,2
662583,"2022-04-19",2,"S","Arizona Diamondbacks","Washington Nationals",0,1,0,0
662350,"2022-04-19",1,"Y","San Francisco Giants","New York Mets",4,5,4,4
662616,"2022-04-19",2,"Y","San Francisco Giants","New York Mets",1,3,0,3
661405,"2022-04-19",1,"N","St. Louis Cardinals","Miami Marlins",5,1,5,0
662896,"2022-04-19",1,"N","New York Yankees","Detroit Tigers",4,2,3,2
663249,"2022-04-19",1,"N","Toronto Blue Jays","Boston Red Sox",1,2,1,1
663196,"2022-04-19",1,"N","Tampa Bay Rays","Chicago Cubs",6,5,4,3
661211,"2022-04-19",1,"N","Pittsburgh Pirates","Milwaukee Brewers",2,5,0,4
662927,"2022-04-19",1,"N","Los Angeles Angels","Houston Astros",7,2,7,1
662753,"2022-04-19",1,"N","Minnesota Twins","Kansas City Royals",3,4,3,2
662925,"2022-04-19",1,"N","Philadelphia Phillies","Colorado Rockies",5,6,2,3
662406,"2022-04-19",1,"N","Baltimore Orioles","Oakland Athletics",1,2,1,0
662232,"2022-04-19",1,"N","Cincinnati Reds","San Diego Padres",2,6,1,5
662161,"2022-04-19",1,"N","Texas Rangers","Seattle Mariners",2,6,2,4
662717,"2022-04-19",1,"N","Atlanta Braves","Los Angeles Dodgers",3,1,3,0
661203,"2022-04-20",1,"N","Pittsburgh Pirates","Milwaukee Brewers",2,4,0,1
663094,"2022-04-20",1,"Y","Chicago White Sox","Cleveland Guardians",1,11,0,10
663075,"2022-04-20",2,"Y","Chicago White Sox","Cleveland Guardians",1,2,1,2
662924,"2022-04-20",1,"N","Philadelphia Phillies","Colorado Rockies",9,6,3,4
662734,"2022-04-20",1,"N","Atlanta Braves","Los Angeles Dodgers",1,5,0,3
662231,"2022-04-20",1,"N","Cincinnati Reds","San Diego Padres",0,6,0,3
662392,"2022-04-20",1,"N","Baltimore Orioles","Oakland Athletics",1,0,1,0
663146,"2022-04-20",1,"N","Tampa Bay Rays","Chicago Cubs",8,2,8,2
662926,"2022-04-20",1,"N","Los Angeles Angels","Houston Astros",6,0,6,0
661404,"2022-04-20",1,"N","St. Louis Cardinals","Miami Marlins",2,0,0,0
662861,"2022-04-20",1,"N","New York Yankees","Detroit Tigers",5,3,2,1
662560,"2022-04-20",1,"N","Arizona Diamondbacks","Washington Nationals",11,2,11,0
662349,"2022-04-20",1,"N","San Francisco Giants","New York Mets",5,2,5,0
663247,"2022-04-20",1,"N","Toronto Blue Jays","Boston Red Sox",6,1,5,1
662703,"2022-04-20",1,"N","Minnesota Twins","Kansas City Royals",0,2,0,2
662178,"2022-04-20",1,"N","Texas Rangers","Seattle Mariners",2,4,0,4
662593,"2022-04-21",1,"N","San Francisco Giants","New York Mets",2,6,1,5
663093,"2022-04-21",1,"N","Chicago White Sox","Cleveland Guardians",3,6,1,3
662850,"2022-04-21",1,"N","New York Yankees","Detroit Tigers",0,3,0,1
663225,"2022-04-21",1,"N","Toronto Blue Jays","Boston Red Sox",3,2,2,0
662742,"2022-04-21",1,"N","Minnesota Twins","Kansas City Royals",1,0,1,0
662391,"2022-04-21",1,"N","Baltimore Orioles","Oakland Athletics",4,6,1,4
662558,"2022-04-21",1,"N","Arizona Diamondbacks","Washington Nationals",4,3,4,2
661391,"2022-04-21",1,"N","St. Louis Cardinals","Miami Marlins",0,5,0,2
663145,"2022-04-21",1,"N","Pittsburgh Pirates","Chicago Cubs",4,3,4,3
662177,"2022-04-21",1,"N","Texas Rangers","Seattle Mariners",8,6,6,5
663169,"2022-04-22",1,"N","St. Louis Cardinals","Cincinnati Reds",4,2,4,1
662557,"2022-04-22",1,"N","San Francisco Giants","Washington Nationals",7,1,7,0
661311,"2022-04-22",1,"N","Cleveland Guardians","New York Yankees",1,4,1,4
661621,"2022-04-22",1,"N","Milwaukee Brewers","Philadelphia Phillies",2,4,1,1
661914,"2022-04-22",1,"N","Boston Red Sox","Tampa Bay Rays",4,3,4,2
661569,"2022-04-22",1,"N","Miami Marlins","Atlanta Braves",0,3,0,1
663195,"2022-04-22",1,"N","Pittsburgh Pirates","Chicago Cubs",4,2,4,2
662922,"2022-04-22",1,"N","Toronto Blue Jays","Houston Astros",4,3,3,3
661755,"2022-04-22",1,"N","Chicago White Sox","Minnesota Twins",1,2,1,0
661037,"2022-04-22",1,"N","Baltimore Orioles","Los Angeles Angels",5,3,2,0
663394,"2022-04-22",1,"N","New York Mets","Arizona Diamondbacks",6,5,1,1
662230,"2022-04-22",1,"N","Los Angeles Dodgers","San Diego Padres",6,1,2,1
662175,"2022-04-22",1,"N","Kansas City Royals","Seattle Mariners",1,4,0,4
662390,"2022-04-22",1,"N","Texas Rangers","Oakland Athletics",8,1,5,1
662549,"2022-04-23",1,"N","San Francisco Giants","Washington Nationals",5,2,5,2
661310,"2022-04-23",1,"N","Cleveland Guardians","New York Yankees",4,5,2,2
662848,"2022-04-23",1,"S","Colorado Rockies","Detroit Tigers",0,13,0,5
662849,"2022-04-23",2,"S","Colorado Rockies","Detroit Tigers",3,2,3,0
663144,"2022-04-23",1,"N","Pittsburgh Pirates","Chicago Cubs",0,21,0,16
661752,"2022-04-23",1,"N","Chicago White Sox","Minnesota Twins",2,9,0,8
661620,"2022-04-23",1,"N","Milwaukee Brewers","Philadelphia Phillies",5,3,4,3
662389,"2022-04-23",1,"N","Texas Rangers","Oakland Athletics",2,0,0,0
663100,"2022-04-23",1,"N","St. Louis Cardinals","Cincinnati Reds",5,0,2,0
662875,"2022-04-23",1,"N","Toronto Blue Jays","Houston Astros",3,2,1,2
661941,"2022-04-23",1,"N","Boston Red Sox","Tampa Bay Rays",2,3,0,0
661568,"2022-04-23",1,"N","Miami Marlins","Atlanta Braves",9,7,3,5
663384,"2022-04-23",1,"N","New York Mets","Arizona Diamondbacks",2,5,2,4
662276,"2022-04-23",1,"N","Los Angeles Dodgers","San Diego Padres",2,3,0,2
661035,"2022-04-23",1,"N","Baltimore Orioles","Los Angeles Angels",5,4,2,2
662191,"2022-04-23",1,"N","Kansas City Royals","Seattle Mariners",7,13,4,5
662853,"2022-04-24",1,"N","Colorado Rockies","Detroit Tigers",6,2,6,1
661931,"2022-04-24",1,"N","Boston Red Sox","Tampa Bay Rays",2,5,2,3
662539,"2022-04-24",1,"N","San Francisco Giants","Washington Nationals",12,3,5,3
661590,"2022-04-24",1,"N","Miami Marlins","Atlanta Braves",5,4,2,1
661317,"2022-04-24",1,"N","Cleveland Guardians","New York Yankees",2,10,0,6
663111,"2022-04-24",1,"N","St. Louis Cardinals","Cincinnati Reds",1,4,0,3
662921,"2022-04-24",1,"N","Toronto Blue Jays","Houston Astros",7,8,2,5
661781,"2022-04-24",1,"N","Chicago White Sox","Minnesota Twins",4,6,2,1
663166,"2022-04-24",1,"N","Pittsburgh Pirates","Chicago Cubs",4,3,4,2
661033,"2022-04-24",1,"N","Baltimore Orioles","Los Angeles Angels",6,7,3,6
662388,"2022-04-24",1,"N","Texas Rangers","Oakland Athletics",0,2,0,2
663361,"2022-04-24",1,"N","New York Mets","Arizona Diamondbacks",6,2,1,1
662274,"2022-04-24",1,"N","Los Angeles Dodgers","San Diego Padres",10,2,8,1
662188,"2022-04-24",1,"N","Kansas City Royals","Seattle Mariners",4,5,2,2
661640,"2022-04-24",1,"N","Milwaukee Brewers","Philadelphia Phillies",1,0,0,0
661210,"2022-04-25",1,"N","San Francisco Giants","Milwaukee Brewers",4,2,0,1
661639,"2022-04-25",1,"N","Colorado Rockies","Philadelphia Phillies",2,8,2,4
661760,"2022-04-25",1,"N","Boston Red Sox","Toronto Blue Jays",2,6,0,1
662008,"2022-04-25",1,"N","New York Mets","St. Louis Cardinals",5,2,0,0
661979,"2022-04-25",1,"N","Houston Astros","Texas Rangers",2,6,1,1
661034,"2022-04-25",1,"N","Cleveland Guardians","Los Angeles Angels",0,3,0,1
663382,"2022-04-25",1,"N","Los Angeles Dodgers","Arizona Diamondbacks",4,0,3,0
662297,"2022-04-26",1,"N","Milwaukee Brewers","Pittsburgh Pirates",12,8,4,4
663079,"2022-04-26",1,"N","San Diego Padres","Cincinnati Reds",9,6,9,5
661929,"2022-04-26",1,"N","Seattle Mariners","Tampa Bay Rays",8,4,7,0
661567,"2022-04-26",1,"N","Colorado Rockies","Philadelphia Phillies",3,10,0,7
662540,"2022-04-26",1,"N","Miami Marlins","Washington Nationals",5,2,3,1
661309,"2022-04-26",1,"N","Baltimore Orioles","New York Yankees",8,12,0,6
661758,"2022-04-26",1,"N","Boston Red Sox","Toronto Blue Jays",5,6,1,2
661536,"2022-04-26",1,"N","Kansas City Royals","Chicago White Sox",6,0,2,0
661589,"2022-04-26",1,"N","Chicago Cubs","Atlanta Braves",1,3,1,3
661733,"2022-04-26",1,"N","Detroit Tigers","Minnesota Twins",4,5,0,3
662007,"2022-04-26",1,"N","New York Mets","St. Louis Cardinals",3,0,2,0
661980,"2022-04-26",1,"N","Houston Astros","Texas Rangers",5,1,4,1
661032,"2022-04-26",1,"N","Cleveland Guardians","Los Angeles Angels",1,4,0,4
663383,"2022-04-26",1,"N","Los Angeles Dodgers","Arizona Diamondbacks",3,5,3,3
662086,"2022-04-26",1,"N","Oakland Athletics","San Francisco Giants",2,8,1,5
662048,"2022-04-27",1,"N","New York Mets","St. Louis Cardinals",5,10,4,8
661533,"2022-04-27",1,"N","Kansas City Royals","Chicago White Sox",3,7,0,3
663393,"2022-04-27",1,"N","Los Angeles Dodgers","Arizona Diamondbacks",1,3,0,1
662289,"2022-04-27",1,"N","Milwaukee Brewers","Pittsburgh Pirates",3,1,0,0
663148,"2022-04-27",1,"N","San Diego Padres","Cincinnati Reds",8,5,6,1
661909,"2022-04-27",1,"N","Seattle Mariners","Tampa Bay Rays",2,3,0,3
661638,"2022-04-27",1,"N","Colorado Rockies","Philadelphia Phillies",3,7,2,4
662546,"2022-04-27",1,"N","Miami Marlins","Washington Nationals",2,1,2,0
661306,"2022-04-27",1,"N","Baltimore Orioles","New York Yankees",2,5,0,2
661757,"2022-04-27",1,"N","Boston Red Sox","Toronto Blue Jays",7,1,1,1
661552,"2022-04-27",1,"N","Chicago Cubs","Atlanta Braves",6,3,3,1
661739,"2022-04-27",1,"N","Detroit Tigers","Minnesota Twins",0,5,0,4
661964,"2022-04-27",1,"N","Houston Astros","Texas Rangers",4,3,4,2
663439,"2022-04-27",1,"N","Cleveland Guardians","Los Angeles Angels",5,9,2,7
662066,"2022-04-27",1,"N","Oakland Athletics","San Francisco Giants",1,0,1,0
663078,"2022-04-28",1,"N","San Diego Padres","Cincinnati Reds",7,5,1,2
662295,"2022-04-28",1,"N","Milwaukee Brewers","Pittsburgh Pirates",3,2,1,0
661641,"2022-04-28",1,"N","Colorado Rockies","Philadelphia Phillies",1,7,0,3
662538,"2022-04-28",1,"N","Miami Marlins","Washington Nationals",3,2,1,1
661305,"2022-04-28",1,"N","Baltimore Orioles","New York Yankees",5,10,2,4
661908,"2022-04-28",1,"N","Seattle Mariners","Tampa Bay Rays",1,2,1,1
661729,"2022-04-28",1,"N","Detroit Tigers","Minnesota Twins",1,7,1,6
661912,"2022-04-28",1,"N","Houston Astros","Texas Rangers",3,2,0,0
661532,"2022-04-28",1,"N","Kansas City Royals","Chicago White Sox",5,2,2,0
661827,"2022-04-28",1,"N","Boston Red Sox","Toronto Blue Jays",0,1,0,1
663432,"2022-04-28",1,"N","Cleveland Guardians","Los Angeles Angels",1,4,1,3
661551,"2022-04-28",1,"N","Chicago Cubs","Atlanta Braves",1,5,1,2
662047,"2022-04-28",1,"N","Arizona Diamondbacks","St. Louis Cardinals",3,8,0,5
662296,"2022-04-29",1,"N","San Diego Padres","Pittsburgh Pirates",7,3,4,3
661390,"2022-04-29",1,"N","Seattle Mariners","Miami Marlins",6,8,3,8
663337,"2022-04-29",1,"N","Boston Red Sox","Baltimore Orioles",3,1,3,0
661826,"2022-04-29",1,"N","Houston Astros","Toronto Blue Jays",11,7,5,4
661907,"2022-04-29",1,"N","Minnesota Twins","Tampa Bay Rays",1,6,1,6
662592,"2022-04-29",1,"N","Philadelphia Phillies","New York Mets",0,3,0,2
661535,"2022-04-29",1,"N","Los Angeles Angels","Chicago White Sox",5,1,2,1
661911,"2022-04-29",1,"N","Atlanta Braves","Texas Rangers",6,3,5,1
662741,"2022-04-29",1,"N","New York Yankees","Kansas City Royals",12,2,3,2
661209,"2022-04-29",1,"N","Chicago Cubs","Milwaukee Brewers",1,11,0,7
662037,"2022-04-29",1,"N","Arizona Diamondbacks","St. Louis Cardinals",6,2,2,1
663009,"2022-04-29",1,"N","Cincinnati Reds","Colorado Rockies",4,10,1,4
662405,"2022-04-29",1,"N","Cleveland Guardians","Oakland Athletics",9,8,5,6
662699,"2022-04-29",1,"N","Detroit Tigers","Los Angeles Dodgers",1,5,1,5
662081,"2022-04-29",1,"N","Washington Nationals","San Francisco Giants",14,4,5,3
662036,"2022-04-30",1,"N","Arizona Diamondbacks","St. Louis Cardinals",2,0,0,0
661825,"2022-04-30",1,"N","Houston Astros","Toronto Blue Jays",1,2,1,2
662084,"2022-04-30",1,"N","Washington Nationals","San Francisco Giants",3,9,2,4
661534,"2022-04-30",1,"N","Los Angeles Angels","Chicago White Sox",0,4,0,4
662393,"2022-04-30",1,"N","Cleveland Guardians","Oakland Athletics",3,1,1,1
661906,"2022-04-30",1,"N","Minnesota Twins","Tampa Bay Rays",9,1,1,1
661389,"2022-04-30",1,"N","Seattle Mariners","Miami Marlins",1,3,1,3
662288,"2022-04-30",1,"N","San Diego Padres","Pittsburgh Pirates",6,7,3,3
663364,"2022-04-30",1,"N","Boston Red Sox","Baltimore Orioles",1,2,1,0
661901,"2022-04-30",1,"N","Atlanta Braves","Texas Rangers",1,3,1,3
662591,"2022-04-30",1,"N","Philadelphia Phillies","New York Mets",4,1,0,1
662797,"2022-04-30",1,"N","New York Yankees","Kansas City Royals",3,0,3,0
661208,"2022-04-30",1,"N","Chicago Cubs","Milwaukee Brewers",1,9,1,6
663008,"2022-04-30",1,"N","Cincinnati Reds","Colorado Rockies",3,4,2,0
662698,"2022-04-30",1,"N","Detroit Tigers","Los Angeles Dodgers",5,1,1,1
663363,"2022-05-01",1,"N","Boston Red Sox","Baltimore Orioles",5,9,1,3
661905,"2022-05-01",1,"N","Minnesota Twins","Tampa Bay Rays",9,3,6,0
662293,"2022-05-01",1,"N","San Diego Padres","Pittsburgh Pirates",5,2,1,0
661824,"2022-05-01",1,"N","Houston Astros","Toronto Blue Jays",2,3,0,0
661365,"2022-05-01",1,"N","Seattle Mariners","Miami Marlins",7,3,2,0
661531,"2022-05-01",1,"N","Los Angeles Angels","Chicago White Sox",6,5,4,0
662691,"2022-05-01",1,"N","New York Yankees","Kansas City Royals",6,4,3,4
661216,"2022-05-01",1,"N","Chicago Cubs","Milwaukee Brewers",2,0,1,0
661988,"2022-05-01",1,"N","Arizona Diamondbacks","St. Louis Cardinals",5,7,3,2
661935,"2022-05-01",1,"N","Atlanta Braves","Texas Rangers",3,7,2,7
663007,"2022-05-01",1,"N","Cincinnati Reds","Colorado Rockies",1,10,1,9
662106,"2022-05-01",1,"N","Washington Nationals","San Francisco Giants",11,5,5,0
662397,"2022-05-01",1,"N","Cleveland Guardians","Oakland Athletics",7,3,6,0
662716,"2022-05-01",1,"N","Detroit Tigers","Los Angeles Dodgers",3,6,0,4
662579,"2022-05-01",1,"N","Philadelphia Phillies","New York Mets",6,10,3,6
662009,"2022-05-02",1,"N","Kansas City Royals","St. Louis Cardinals",0,1,0,1
661526,"2022-05-02",1,"N","Los Angeles Angels","Chicago White Sox",0,3,0,2
661362,"2022-05-02",1,"N","Arizona Diamondbacks","Miami Marlins",5,4,4,0
663362,"2022-05-02",1,"N","Minnesota Twins","Baltimore Orioles",2,1,1,1
661823,"2022-05-02",1,"N","New York Yankees","Toronto Blue Jays",3,2,2,2
662578,"2022-05-02",1,"N","Atlanta Braves","New York Mets",5,2,1,2
662920,"2022-05-02",1,"N","Seattle Mariners","Houston Astros",0,3,0,1
662387,"2022-05-02",1,"N","Tampa Bay Rays","Oakland Athletics",6,1,6,1
662569,"2022-05-03",1,"Y","Atlanta Braves","New York Mets",4,5,4,5
662459,"2022-05-03",2,"Y","Atlanta Braves","New York Mets",0,3,0,2
661364,"2022-05-03",1,"N","Arizona Diamondbacks","Miami Marlins",5,4,5,0
661635,"2022-05-03",1,"N","Texas Rangers","Philadelphia Phillies",6,4,3,3
663463,"2022-05-03",1,"N","Minnesota Twins","Baltimore Orioles",7,2,2,2
661796,"2022-05-03",1,"N","New York Yankees","Toronto Blue Jays",9,1,0,1
663237,"2022-05-03",1,"N","Los Angeles Angels","Boston Red Sox",0,4,0,2
663165,"2022-05-03",1,"N","Chicago White Sox","Chicago Cubs",3,1,3,0
661200,"2022-05-03",1,"N","Cincinnati Reds","Milwaukee Brewers",3,6,2,5
662919,"2022-05-03",1,"N","Seattle Mariners","Houston Astros",0,4,0,1
662690,"2022-05-03",1,"N","St. Louis Cardinals","Kansas City Royals",1,7,0,2
662994,"2022-05-03",1,"N","Washington Nationals","Colorado Rockies",10,2,7,1
662386,"2022-05-03",1,"N","Tampa Bay Rays","Oakland Athletics",10,7,3,5
662708,"2022-05-03",1,"N","San Francisco Giants","Los Angeles Dodgers",1,3,0,2
661363,"2022-05-04",1,"N","Arizona Diamondbacks","Miami Marlins",8,7,5,3
662838,"2022-05-04",1,"Y","Pittsburgh Pirates","Detroit Tigers",2,3,2,3
662839,"2022-05-04",2,"Y","Pittsburgh Pirates","Detroit Tigers",7,2,2,2
663067,"2022-05-04",1,"Y","San Diego Padres","Cleveland Guardians",5,4,3,3
663068,"2022-05-04",2,"Y","San Diego Padres","Cleveland Guardians",5,6,3,1
662739,"2022-05-04",1,"N","St. Louis Cardinals","Kansas City Royals",10,0,5,0
662577,"2022-05-04",1,"N","Atlanta Braves","New York Mets",9,2,0,0
662835,"2022-05-04",1,"N","Seattle Mariners","Houston Astros",2,7,0,5
662382,"2022-05-04",1,"N","Tampa Bay Rays","Oakland Athletics",3,0,0,0
661634,"2022-05-04",1,"N","Texas Rangers","Philadelphia Phillies",2,1,0,0
663462,"2022-05-04",1,"N","Minnesota Twins","Baltimore Orioles",4,9,4,9
661795,"2022-05-04",1,"N","New York Yankees","Toronto Blue Jays",1,2,1,2
663248,"2022-05-04",1,"N","Los Angeles Angels","Boston Red Sox",10,5,2,3
663164,"2022-05-04",1,"N","Chicago White Sox","Chicago Cubs",4,3,3,3
661197,"2022-05-04",1,"N","Cincinnati Reds","Milwaukee Brewers",4,18,3,7
662993,"2022-05-04",1,"N","Washington Nationals","Colorado Rockies",2,5,2,5
662707,"2022-05-04",1,"N","San Francisco Giants","Los Angeles Dodgers",1,9,1,2
663227,"2022-05-05",1,"N","Los Angeles Angels","Boston Red Sox",8,0,0,0
661204,"2022-05-05",1,"N","Cincinnati Reds","Milwaukee Brewers",5,10,5,8
663013,"2022-05-05",1,"N","Washington Nationals","Colorado Rockies",7,9,3,8
663066,"2022-05-05",1,"N","Toronto Blue Jays","Cleveland Guardians",5,6,2,6
661619,"2022-05-05",1,"N","New York Mets","Philadelphia Phillies",8,7,0,7
661341,"2022-05-05",1,"N","Minnesota Twins","Baltimore Orioles",3,5,3,3
662816,"2022-05-05",1,"N","Detroit Tigers","Houston Astros",2,3,0,2
662189,"2022-05-05",1,"N","Tampa Bay Rays","Seattle Mariners",4,3,4,1
662262,"2022-05-05",1,"N","Miami Marlins","San Diego Padres",1,2,1,2
662105,"2022-05-05",1,"N","St. Louis Cardinals","San Francisco Giants",7,1,3,1
663224,"2022-05-06",1,"N","Chicago White Sox","Boston Red Sox",4,2,3,1
661541,"2022-05-06",1,"N","Milwaukee Brewers","Atlanta Braves",6,3,2,2
662815,"2022-05-06",1,"N","Detroit Tigers","Houston Astros",2,3,2,3
661775,"2022-05-06",1,"N","Oakland Athletics","Minnesota Twins",1,2,0,2
663431,"2022-05-06",1,"N","Washington Nationals","Los Angeles Angels",0,3,0,3
663360,"2022-05-06",1,"N","Colorado Rockies","Arizona Diamondbacks",1,4,1,1
662187,"2022-05-06",1,"N","Tampa Bay Rays","Seattle Mariners",8,7,4,4
662272,"2022-05-06",1,"N","Miami Marlins","San Diego Padres",2,3,0,3
662103,"2022-05-06",1,"N","St. Louis Cardinals","San Francisco Giants",3,2,2,2
663089,"2022-05-07",1,"S","Pittsburgh Pirates","Cincinnati Reds",2,9,1,2
663070,"2022-05-07",2,"S","Pittsburgh Pirates","Cincinnati Reds",8,5,7,5
663162,"2022-05-07",1,"S","Los Angeles Dodgers","Chicago Cubs",7,0,4,0
663142,"2022-05-07",2,"S","Los Angeles Dodgers","Chicago Cubs",6,2,4,2
663056,"2022-05-07",1,"Y","Toronto Blue Jays","Cleveland Guardians",8,3,7,1
663057,"2022-05-07",2,"Y","Toronto Blue Jays","Cleveland Guardians",2,8,2,5
661701,"2022-05-07",1,"N","Oakland Athletics","Minnesota Twins",0,1,0,0
662796,"2022-05-07",1,"N","Detroit Tigers","Houston Astros",2,3,2,1
663226,"2022-05-07",1,"N","Chicago White Sox","Boston Red Sox",3,1,0,1
662102,"2022-05-07",1,"N","St. Louis Cardinals","San Francisco Giants",7,13,4,9
661540,"2022-05-07",1,"N","Milwaukee Brewers","Atlanta Braves",2,3,0,1
663359,"2022-05-07",1,"N","Colorado Rockies","Arizona Diamondbacks",4,1,0,0
662261,"2022-05-07",1,"N","Miami Marlins","San Diego Padres",8,0,3,0
663430,"2022-05-07",1,"N","Washington Nationals","Los Angeles Angels",7,3,6,3
662159,"2022-05-07",1,"N","Tampa Bay Rays","Seattle Mariners",8,2,2,1
663278,"2022-05-08",1,"N","Chicago White Sox","Boston Red Sox",3,2,3,0
661626,"2022-05-08",1,"Y","New York Mets","Philadelphia Phillies",2,3,0,3
661627,"2022-05-08",2,"Y","New York Mets","Philadelphia Phillies",6,1,5,1
661307,"2022-05-08",1,"Y","Kansas City Royals","Baltimore Orioles",6,4,3,2
661345,"2022-05-08",2,"Y","Kansas City Royals","Baltimore Orioles",2,4,1,4
661302,"2022-05-08",1,"Y","Texas Rangers","New York Yankees",1,2,0,0
661304,"2022-05-08",2,"Y","Texas Rangers","New York Yankees",4,2,0,2
661550,"2022-05-08",1,"N","Milwaukee Brewers","Atlanta Braves",2,9,0,9
663069,"2022-05-08",1,"N","Pittsburgh Pirates","Cincinnati Reds",3,7,2,0
663086,"2022-05-08",1,"N","Toronto Blue Jays","Cleveland Guardians",3,4,2,2
662795,"2022-05-08",1,"N","Detroit Tigers","Houston Astros",0,5,0,5
661700,"2022-05-08",1,"N","Oakland Athletics","Minnesota Twins",3,4,3,4
662098,"2022-05-08",1,"N","St. Louis Cardinals","San Francisco Giants",3,4,2,3
663429,"2022-05-08",1,"N","Washington Nationals","Los Angeles Angels",4,5,1,0
663368,"2022-05-08",1,"N","Colorado Rockies","Arizona Diamondbacks",0,4,0,4
662160,"2022-05-08",1,"N","Tampa Bay Rays","Seattle Mariners",1,2,0,0
662260,"2022-05-08",1,"N","Miami Marlins","San Diego Padres",2,3,1,0
663161,"2022-05-08",1,"N","Los Angeles Dodgers","Chicago Cubs",7,1,4,1
661349,"2022-05-09",1,"N","Kansas City Royals","Baltimore Orioles",1,6,1,6
661303,"2022-05-09",1,"N","Texas Rangers","New York Yankees",0,1,0,0
662287,"2022-05-09",1,"N","Los Angeles Dodgers","Pittsburgh Pirates",1,5,0,1
663101,"2022-05-09",1,"N","Milwaukee Brewers","Cincinnati Reds",5,10,3,6
662837,"2022-05-09",1,"N","Oakland Athletics","Detroit Tigers",2,0,2,0
661525,"2022-05-09",1,"N","Cleveland Guardians","Chicago White Sox",12,9,1,4
663438,"2022-05-09",1,"N","Tampa Bay Rays","Los Angeles Angels",3,11,1,3
662259,"2022-05-09",1,"N","Chicago Cubs","San Diego Padres",6,0,3,0
662158,"2022-05-09",1,"N","Philadelphia Phillies","Seattle Mariners",9,0,6,0
663366,"2022-05-09",1,"N","Miami Marlins","Arizona Diamondbacks",3,4,3,3
662097,"2022-05-09",1,"N","Colorado Rockies","San Francisco Giants",5,8,2,3
662412,"2022-05-10",1,"Y","Detroit Tigers","Oakland Athletics",6,0,2,0
662855,"2022-05-10",2,"Y","Oakland Athletics","Detroit Tigers",4,1,2,0
662292,"2022-05-10",1,"N","Los Angeles Dodgers","Pittsburgh Pirates",11,1,7,0
663090,"2022-05-10",1,"N","Milwaukee Brewers","Cincinnati Reds",5,4,1,1
662537,"2022-05-10",1,"N","New York Mets","Washington Nationals",4,2,0,2
661301,"2022-05-10",1,"N","Toronto Blue Jays","New York Yankees",5,6,3,0
661549,"2022-05-10",1,"N","Boston Red Sox","Atlanta Braves",9,4,6,3
661696,"2022-05-10",1,"N","Houston Astros","Minnesota Twins",5,0,4,0
661987,"2022-05-10",1,"N","Baltimore Orioles","St. Louis Cardinals",5,3,4,0
662016,"2022-05-10",1,"N","Kansas City Royals","Texas Rangers",4,6,1,5
661524,"2022-05-10",1,"N","Cleveland Guardians","Chicago White Sox",1,4,0,1
663416,"2022-05-10",1,"N","Tampa Bay Rays","Los Angeles Angels",0,12,0,8
662258,"2022-05-10",1,"N","Chicago Cubs","San Diego Padres",4,5,3,3
662157,"2022-05-10",1,"N","Philadelphia Phillies","Seattle Mariners",4,5,2,3
663350,"2022-05-10",1,"N","Miami Marlins","Arizona Diamondbacks",3,9,2,6
662096,"2022-05-10",1,"N","Colorado Rockies","San Francisco Giants",2,9,1,8
662385,"2022-05-11",1,"N","Los Angeles Dodgers","Pittsburgh Pirates",3,5,0,0
661300,"2022-05-11",1,"N","Toronto Blue Jays","New York Yankees",3,5,1,3
663074,"2022-05-11",1,"N","Milwaukee Brewers","Cincinnati Reds",11,14,4,8
662176,"2022-05-11",1,"N","Philadelphia Phillies","Seattle Mariners",4,2,4,1
663358,"2022-05-11",1,"N","Miami Marlins","Arizona Diamondbacks",11,3,3,1
662095,"2022-05-11",1,"N","Colorado Rockies","San Francisco Giants",1,7,0,5
662273,"2022-05-11",1,"N","Chicago Cubs","San Diego Padres",7,5,5,2
662526,"2022-05-11",1,"N","New York Mets","Washington Nationals",3,8,3,8
663450,"2022-05-11",1,"N","Tampa Bay Rays","Los Angeles Angels",4,2,1,0
662873,"2022-05-11",1,"N","Oakland Athletics","Detroit Tigers",9,0,7,0
661548,"2022-05-11",1,"N","Boston Red Sox","Atlanta Braves",3,5,3,3
661702,"2022-05-11",1,"N","Houston Astros","Minnesota Twins",11,3,5,2
662006,"2022-05-11",1,"N","Baltimore Orioles","St. Louis Cardinals",1,10,1,7
661899,"2022-05-11",1,"N","Kansas City Royals","Texas Rangers",8,2,3,0
662548,"2022-05-12",1,"N","New York Mets","Washington Nationals",4,1,3,0
662872,"2022-05-12",1,"N","Oakland Athletics","Detroit Tigers",5,3,3,2
662005,"2022-05-12",1,"N","Baltimore Orioles","St. Louis Cardinals",3,2,1,0
661694,"2022-05-12",1,"N","Houston Astros","Minnesota Twins",5,0,4,0
662372,"2022-05-12",1,"N","Cincinnati Reds","Pittsburgh Pirates",4,0,2,0
661883,"2022-05-12",1,"N","Kansas City Royals","Texas Rangers",1,3,0,1
661519,"2022-05-12",1,"N","New York Yankees","Chicago White Sox",15,7,6,4
662706,"2022-05-12",1,"N","Philadelphia Phillies","Los Angeles Dodgers",9,7,6,1
662494,"2022-05-13",1,"N","Cincinnati Reds","Pittsburgh Pirates",8,2,5,2
661361,"2022-05-13",1,"N","Milwaukee Brewers","Miami Marlins",2,1,1,1
662525,"2022-05-13",1,"N","Houston Astros","Washington Nationals",6,1,6,0
662851,"2022-05-13",1,"N","Baltimore Orioles","Detroit Tigers",2,4,0,1
662523,"2022-05-13",1,"N","Seattle Mariners","New York Mets",2,1,1,1
661904,"2022-05-13",1,"N","Toronto Blue Jays","Tampa Bay Rays",2,5,0,2
661547,"2022-05-13",1,"N","San Diego Padres","Atlanta Braves",11,6,3,2
661882,"2022-05-13",1,"N","Boston Red Sox","Texas Rangers",7,1,1,0
661698,"2022-05-13",1,"N","Cleveland Guardians","Minnesota Twins",8,12,2,11
661491,"2022-05-13",1,"N","New York Yankees","Chicago White Sox",10,4,7,1
661986,"2022-05-13",1,"N","San Francisco Giants","St. Louis Cardinals",8,2,3,1
663012,"2022-05-13",1,"N","Kansas City Royals","Colorado Rockies",14,10,8,7
663349,"2022-05-13",1,"N","Chicago Cubs","Arizona Diamondbacks",3,4,3,4
662381,"2022-05-13",1,"N","Los Angeles Angels","Oakland Athletics",2,0,2,0
662705,"2022-05-13",1,"N","Philadelphia Phillies","Los Angeles Dodgers",12,10,5,6
661985,"2022-05-14",1,"N","San Francisco Giants","St. Louis Cardinals",0,4,0,2
661546,"2022-05-14",1,"N","San Diego Padres","Atlanta Braves",5,6,1,2
662379,"2022-05-14",1,"S","Los Angeles Angels","Oakland Athletics",3,4,1,0
662399,"2022-05-14",2,"S","Los Angeles Angels","Oakland Athletics",9,1,8,1
662844,"2022-05-14",1,"N","Baltimore Orioles","Detroit Tigers",0,3,0,2
661903,"2022-05-14",1,"N","Toronto Blue Jays","Tampa Bay Rays",5,1,1,1
661414,"2022-05-14",1,"N","Milwaukee Brewers","Miami Marlins",3,9,1,4
662384,"2022-05-14",1,"N","Cincinnati Reds","Pittsburgh Pirates",1,3,0,3
662547,"2022-05-14",1,"N","Houston Astros","Washington Nationals",6,13,3,9
661147,"2022-05-14",1,"N","Boston Red Sox","Texas Rangers",11,3,9,1
662568,"2022-05-14",1,"N","Seattle Mariners","New York Mets",4,5,0,4
661695,"2022-05-14",1,"N","Cleveland Guardians","Minnesota Twins",3,2,1,1
661490,"2022-05-14",1,"N","New York Yankees","Chicago White Sox",2,3,0,2
663348,"2022-05-14",1,"N","Chicago Cubs","Arizona Diamondbacks",4,2,1,1
663011,"2022-05-14",1,"N","Kansas City Royals","Colorado Rockies",4,10,3,9
662704,"2022-05-14",1,"N","Philadelphia Phillies","Los Angeles Dodgers",8,3,8,3
661545,"2022-05-15",1,"N","San Diego Padres","Atlanta Braves",7,3,1,3
662528,"2022-05-15",1,"N","Houston Astros","Washington Nationals",8,0,2,0
662519,"2022-05-15",1,"N","Cincinnati Reds","Pittsburgh Pirates",0,1,0,0
662843,"2022-05-15",1,"N","Baltimore Orioles","Detroit Tigers",1,5,0,3
662567,"2022-05-15",1,"N","Seattle Mariners","New York Mets",8,7,4,5
661902,"2022-05-15",1,"N","Toronto Blue Jays","Tampa Bay Rays",0,3,0,0
661403,"2022-05-15",1,"N","Milwaukee Brewers","Miami Marlins",7,3,5,3
661732,"2022-05-15",1,"N","Cleveland Guardians","Minnesota Twins",1,3,1,3
661489,"2022-05-15",1,"N","New York Yankees","Chicago White Sox",5,1,3,0
661146,"2022-05-15",1,"N","Boston Red Sox","Texas Rangers",1,7,1,1
663010,"2022-05-15",1,"N","Kansas City Royals","Colorado Rockies",8,7,2,0
662380,"2022-05-15",1,"N","Los Angeles Angels","Oakland Athletics",4,1,2,1
663367,"2022-05-15",1,"N","Chicago Cubs","Arizona Diamondbacks",3,2,2,2
662696,"2022-05-15",1,"N","Philadelphia Phillies","Los Angeles Dodgers",4,5,4,2
661984,"2022-05-15",1,"N","San Francisco Giants","St. Louis Cardinals",6,15,0,11
661961,"2022-05-16",1,"N","Detroit Tigers","Tampa Bay Rays",3,2,2,0
661402,"2022-05-16",1,"N","Washington Nationals","Miami Marlins",2,8,1,4
661308,"2022-05-16",1,"N","New York Yankees","Baltimore Orioles",6,2,4,1
661794,"2022-05-16",1,"N","Seattle Mariners","Toronto Blue Jays",2,6,0,2
663275,"2022-05-16",1,"N","Houston Astros","Boston Red Sox",3,6,1,2
663151,"2022-05-16",1,"N","Pittsburgh Pirates","Chicago Cubs",0,9,0,9
661212,"2022-05-16",1,"N","Atlanta Braves","Milwaukee Brewers",0,1,0,0
661145,"2022-05-16",1,"N","Los Angeles Angels","Texas Rangers",4,7,4,6
662728,"2022-05-16",1,"N","Chicago White Sox","Kansas City Royals",5,3,3,0
663005,"2022-05-16",1,"N","San Francisco Giants","Colorado Rockies",7,6,4,3
662378,"2022-05-16",1,"N","Minnesota Twins","Oakland Athletics",3,1,2,1
662695,"2022-05-16",1,"N","Arizona Diamondbacks","Los Angeles Dodgers",4,5,2,3
662780,"2022-05-17",1,"S","Chicago White Sox","Kansas City Royals",3,0,3,0
662727,"2022-05-17",2,"S","Chicago White Sox","Kansas City Royals",1,2,0,1
662628,"2022-05-17",1,"S","Arizona Diamondbacks","Los Angeles Dodgers",6,7,3,1
662697,"2022-05-17",2,"S","Arizona Diamondbacks","Los Angeles Dodgers",3,12,2,8
662507,"2022-05-17",1,"Y","St. Louis Cardinals","New York Mets",1,3,0,3
662566,"2022-05-17",2,"Y","St. Louis Cardinals","New York Mets",4,3,3,2
663032,"2022-05-17",1,"N","Cincinnati Reds","Cleveland Guardians",5,4,1,1
662053,"2022-05-17",1,"N","Detroit Tigers","Tampa Bay Rays",1,8,1,6
661401,"2022-05-17",1,"N","Washington Nationals","Miami Marlins",1,5,0,1
661625,"2022-05-17",1,"N","San Diego Padres","Philadelphia Phillies",3,0,1,0
661342,"2022-05-17",1,"N","New York Yankees","Baltimore Orioles",5,4,3,3
661765,"2022-05-17",1,"N","Seattle Mariners","Toronto Blue Jays",0,3,0,3
663271,"2022-05-17",1,"N","Houston Astros","Boston Red Sox",13,4,13,4
663157,"2022-05-17",1,"N","Pittsburgh Pirates","Chicago Cubs",0,7,0,6
661196,"2022-05-17",1,"N","Atlanta Braves","Milwaukee Brewers",3,0,1,0
661126,"2022-05-17",1,"N","Los Angeles Angels","Texas Rangers",5,10,3,3
663004,"2022-05-17",1,"N","San Francisco Giants","Colorado Rockies",10,7,8,2
662370,"2022-05-17",1,"N","Minnesota Twins","Oakland Athletics",2,5,1,2
662054,"2022-05-18",1,"N","Detroit Tigers","Tampa Bay Rays",1,6,0,4
661202,"2022-05-18",1,"N","Atlanta Braves","Milwaukee Brewers",6,7,4,2
663003,"2022-05-18",1,"N","San Francisco Giants","Colorado Rockies",3,5,3,2
662377,"2022-05-18",1,"N","Minnesota Twins","Oakland Athletics",14,4,6,2
662744,"2022-05-18",1,"N","Arizona Diamondbacks","Los Angeles Dodgers",3,5,2,5
663270,"2022-05-18",1,"N","Houston Astros","Boston Red Sox",1,5,1,5
661400,"2022-05-18",1,"N","Washington Nationals","Miami Marlins",5,4,3,3
661624,"2022-05-18",1,"N","San Diego Padres","Philadelphia Phillies",0,3,0,3
661344,"2022-05-18",1,"N","New York Yankees","Baltimore Orioles",3,2,3,0
661767,"2022-05-18",1,"N","Seattle Mariners","Toronto Blue Jays",5,1,2,1
662554,"2022-05-18",1,"N","St. Louis Cardinals","New York Mets",4,11,2,6
663156,"2022-05-18",1,"N","Pittsburgh Pirates","Chicago Cubs",3,2,3,2
661125,"2022-05-18",1,"N","Los Angeles Angels","Texas Rangers",5,6,2,1
662726,"2022-05-18",1,"N","Chicago White Sox","Kansas City Royals",2,6,2,2
661347,"2022-05-19",1,"N","New York Yankees","Baltimore Orioles",6,9,3,3
661623,"2022-05-19",1,"N","San Diego Padres","Philadelphia Phillies",2,0,2,0
663043,"2022-05-19",1,"N","Cincinnati Reds","Cleveland Guardians",4,2,1,1
662520,"2022-05-19",1,"N","St. Louis Cardinals","New York Mets",6,7,3,5
662715,"2022-05-19",1,"N","Chicago White Sox","Kansas City Royals",7,4,3,4
663269,"2022-05-19",1,"N","Seattle Mariners","Boston Red Sox",6,12,4,4
663193,"2022-05-19",1,"N","Arizona Diamondbacks","Chicago Cubs",3,1,3,1
662778,"2022-05-19",1,"N","Texas Rangers","Houston Astros",1,5,1,2
663143,"2022-05-20",1,"N","Arizona Diamondbacks","Chicago Cubs",10,6,7,3
662506,"2022-05-20",1,"N","St. Louis Cardinals","Pittsburgh Pirates",5,3,1,0
661339,"2022-05-20",1,"N","Atlanta Braves","Miami Marlins",5,3,5,1
661348,"2022-05-20",1,"N","Tampa Bay Rays","Baltimore Orioles",6,8,3,0
661632,"2022-05-20",1,"N","Los Angeles Dodgers","Philadelphia Phillies",4,1,3,0
661766,"2022-05-20",1,"N","Cincinnati Reds","Toronto Blue Jays",1,2,0,2
663135,"2022-05-20",1,"N","Detroit Tigers","Cleveland Guardians",1,6,0,0
663268,"2022-05-20",1,"N","Seattle Mariners","Boston Red Sox",3,7,2,4
662764,"2022-05-20",1,"N","Texas Rangers","Houston Astros",3,0,1,0
662714,"2022-05-20",1,"N","Minnesota Twins","Kansas City Royals",6,4,4,1
661195,"2022-05-20",1,"N","Washington Nationals","Milwaukee Brewers",0,7,0,0
663449,"2022-05-20",1,"N","Oakland Athletics","Los Angeles Angels",4,2,3,2
662078,"2022-05-20",1,"N","San Diego Padres","San Francisco Giants",8,7,4,4
661289,"2022-05-21",1,"N","Chicago White Sox","New York Yankees",5,7,3,6
663194,"2022-05-21",1,"N","Arizona Diamondbacks","Chicago Cubs",7,6,0,4
661793,"2022-05-21",1,"N","Cincinnati Reds","Toronto Blue Jays",1,3,1,1
663002,"2022-05-21",1,"S","New York Mets","Colorado Rockies",5,1,4,0
663001,"2022-05-21",2,"S","New York Mets","Colorado Rockies",3,11,2,4
662077,"2022-05-21",1,"N","San Diego Padres","San Francisco Giants",2,1,1,0
663234,"2022-05-21",1,"N","Seattle Mariners","Boston Red Sox",5,6,5,5
661631,"2022-05-21",1,"N","Los Angeles Dodgers","Philadelphia Phillies",7,4,3,4
661399,"2022-05-21",1,"N","Atlanta Braves","Miami Marlins",4,3,1,0
662478,"2022-05-21",1,"N","St. Louis Cardinals","Pittsburgh Pirates",5,4,5,4
661291,"2022-05-21",1,"N","Tampa Bay Rays","Baltimore Orioles",6,1,3,0
662763,"2022-05-21",1,"N","Texas Rangers","Houston Astros",1,2,0,2
662713,"2022-05-21",1,"N","Minnesota Twins","Kansas City Royals",9,2,2,1
661280,"2022-05-21",1,"N","Washington Nationals","Milwaukee Brewers",1,5,1,5
663448,"2022-05-21",1,"N","Oakland Athletics","Los Angeles Angels",3,5,0,1
662479,"2022-05-22",1,"N","St. Louis Cardinals","Pittsburgh Pirates",18,4,12,0
663277,"2022-05-22",1,"N","Seattle Mariners","Boston Red Sox",4,8,0,2
661279,"2022-05-22",1,"N","Tampa Bay Rays","Baltimore Orioles",6,7,5,3
661611,"2022-05-22",1,"N","Los Angeles Dodgers","Philadelphia Phillies",3,4,2,0
661763,"2022-05-22",1,"N","Cincinnati Reds","Toronto Blue Jays",3,2,2,2
663120,"2022-05-22",1,"N","Detroit Tigers","Cleveland Guardians",4,2,3,2
661398,"2022-05-22",1,"N","Atlanta Braves","Miami Marlins",3,4,1,1
662857,"2022-05-22",1,"N","Texas Rangers","Houston Astros",2,5,1,4
662712,"2022-05-22",1,"N","Minnesota Twins","Kansas City Royals",7,6,0,1
661248,"2022-05-22",1,"N","Washington Nationals","Milwaukee Brewers",8,2,8,2
663150,"2022-05-22",1,"N","Arizona Diamondbacks","Chicago Cubs",4,5,0,3
661288,"2022-05-22",1,"Y","Chicago White Sox","New York Yankees",3,1,1,0
661290,"2022-05-22",2,"Y","Chicago White Sox","New York Yankees",5,0,0,0
662982,"2022-05-22",1,"N","New York Mets","Colorado Rockies",2,0,0,0
662076,"2022-05-22",1,"N","San Diego Padres","San Francisco Giants",10,1,8,1
663447,"2022-05-22",1,"N","Oakland Athletics","Los Angeles Angels",1,4,0,3
662455,"2022-05-23",1,"N","Colorado Rockies","Pittsburgh Pirates",1,2,1,1
663073,"2022-05-23",1,"N","Chicago Cubs","Cincinnati Reds",7,4,4,0
662524,"2022-05-23",1,"N","Los Angeles Dodgers","Washington Nationals",10,1,6,0
661287,"2022-05-23",1,"N","Baltimore Orioles","New York Yankees",6,4,4,4
661544,"2022-05-23",1,"N","Philadelphia Phillies","Atlanta Braves",7,3,7,1
661730,"2022-05-23",1,"N","Detroit Tigers","Minnesota Twins",4,5,2,4
661999,"2022-05-23",1,"N","Toronto Blue Jays","St. Louis Cardinals",3,7,0,1
662858,"2022-05-23",1,"N","Cleveland Guardians","Houston Astros",6,1,4,0
663340,"2022-05-23",1,"N","Kansas City Royals","Arizona Diamondbacks",5,9,5,7
662135,"2022-05-23",1,"N","Oakland Athletics","Seattle Mariners",6,7,3,7
662257,"2022-05-23",1,"N","Milwaukee Brewers","San Diego Padres",2,3,2,1
662075,"2022-05-23",1,"N","New York Mets","San Francisco Giants",13,3,5,2
662454,"2022-05-24",1,"N","Colorado Rockies","Pittsburgh Pirates",2,1,0,1
663103,"2022-05-24",1,"N","Chicago Cubs","Cincinnati Reds",11,4,10,2
661978,"2022-05-24",1,"N","Miami Marlins","Tampa Bay Rays",0,4,0,2
662536,"2022-05-24",1,"N","Los Angeles Dodgers","Washington Nationals",9,4,8,3
661285,"2022-05-24",1,"N","Baltimore Orioles","New York Yankees",6,7,1,3
661543,"2022-05-24",1,"N","Philadelphia Phillies","Atlanta Braves",5,6,1,2
661699,"2022-05-24",1,"N","Detroit Tigers","Minnesota Twins",0,2,0,2
661998,"2022-05-24",1,"N","Toronto Blue Jays","St. Louis Cardinals",8,1,4,0
662846,"2022-05-24",1,"N","Cleveland Guardians","Houston Astros",3,7,1,7
661488,"2022-05-24",1,"N","Boston Red Sox","Chicago White Sox",16,3,16,3
663381,"2022-05-24",1,"N","Texas Rangers","Los Angeles Angels",3,5,0,5
663339,"2022-05-24",1,"N","Kansas City Royals","Arizona Diamondbacks",6,8,3,3
662134,"2022-05-24",1,"N","Oakland Athletics","Seattle Mariners",7,5,4,5
662229,"2022-05-24",1,"N","Milwaukee Brewers","San Diego Padres",4,1,1,1
662074,"2022-05-24",1,"N","New York Mets","San Francisco Giants",12,13,2,8
662453,"2022-05-25",1,"N","Colorado Rockies","Pittsburgh Pirates",5,10,5,2
661772,"2022-05-25",1,"N","Detroit Tigers","Minnesota Twins",4,2,0,2
662093,"2022-05-25",1,"N","New York Mets","San Francisco Giants",3,9,1,9
662527,"2022-05-25",1,"N","Los Angeles Dodgers","Washington Nationals",0,1,0,0
662133,"2022-05-25",1,"N","Oakland Athletics","Seattle Mariners",4,2,1,0
662228,"2022-05-25",1,"N","Milwaukee Brewers","San Diego Padres",2,1,0,1
663082,"2022-05-25",1,"N","Chicago Cubs","Cincinnati Reds",3,4,2,4
662052,"2022-05-25",1,"N","Miami Marlins","Tampa Bay Rays",4,5,3,5
661286,"2022-05-25",1,"N","Baltimore Orioles","New York Yankees",0,2,0,2
661542,"2022-05-25",1,"N","Philadelphia Phillies","Atlanta Braves",4,8,4,6
662845,"2022-05-25",1,"N","Cleveland Guardians","Houston Astros",1,2,0,1
661487,"2022-05-25",1,"N","Boston Red Sox","Chicago White Sox",1,3,1,3
663446,"2022-05-25",1,"N","Texas Rangers","Los Angeles Angels",7,2,4,1
663081,"2022-05-26",1,"N","Chicago Cubs","Cincinnati Reds",5,20,5,11
662051,"2022-05-26",1,"N","New York Yankees","Tampa Bay Rays",7,2,0,0
662515,"2022-05-26",1,"N","Colorado Rockies","Washington Nationals",3,7,3,5
662842,"2022-05-26",1,"N","Cleveland Guardians","Detroit Tigers",3,4,3,3
661574,"2022-05-26",1,"N","Philadelphia Phillies","Atlanta Braves",4,1,1,0
661771,"2022-05-26",1,"N","Kansas City Royals","Minnesota Twins",3,2,0,2
661997,"2022-05-26",1,"N","Milwaukee Brewers","St. Louis Cardinals",4,3,4,2
661486,"2022-05-26",1,"N","Boston Red Sox","Chicago White Sox",16,7,7,5
663445,"2022-05-26",1,"N","Toronto Blue Jays","Los Angeles Angels",6,3,4,2
663338,"2022-05-26",1,"N","Los Angeles Dodgers","Arizona Diamondbacks",14,1,6,0
662376,"2022-05-26",1,"N","Texas Rangers","Oakland Athletics",4,1,1,1
663080,"2022-05-27",1,"N","San Francisco Giants","Cincinnati Reds",1,5,0,3
663276,"2022-05-27",1,"N","Baltimore Orioles","Boston Red Sox",12,8,2,8
662543,"2022-05-27",1,"N","Philadelphia Phillies","New York Mets",6,8,0,7
661960,"2022-05-27",1,"N","New York Yankees","Tampa Bay Rays",2,0,2,0
661539,"2022-05-27",1,"N","Miami Marlins","Atlanta Braves",4,6,0,3
661777,"2022-05-27",1,"N","Kansas City Royals","Minnesota Twins",7,10,4,6
661992,"2022-05-27",1,"N","Milwaukee Brewers","St. Louis Cardinals",2,4,0,2
663444,"2022-05-27",1,"N","Toronto Blue Jays","Los Angeles Angels",4,3,2,3
663347,"2022-05-27",1,"N","Los Angeles Dodgers","Arizona Diamondbacks",6,4,4,1
662281,"2022-05-27",1,"N","Pittsburgh Pirates","San Diego Padres",3,4,3,0
662132,"2022-05-27",1,"N","Houston Astros","Seattle Mariners",1,6,1,5
662369,"2022-05-27",1,"N","Texas Rangers","Oakland Athletics",8,5,2,5
662514,"2022-05-28",1,"S","Colorado Rockies","Washington Nationals",7,13,7,11
662513,"2022-05-28",2,"S","Colorado Rockies","Washington Nationals",3,2,2,1
663257,"2022-05-28",1,"S","Baltimore Orioles","Boston Red Sox",3,5,3,3
663309,"2022-05-28",2,"S","Baltimore Orioles","Boston Red Sox",4,2,4,1
661774,"2022-05-28",1,"N","Kansas City Royals","Minnesota Twins",7,3,5,1
661991,"2022-05-28",1,"N","Milwaukee Brewers","St. Louis Cardinals",3,8,0,8
662375,"2022-05-28",1,"N","Texas Rangers","Oakland Athletics",11,4,10,2
662852,"2022-05-28",1,"N","Cleveland Guardians","Detroit Tigers",8,1,2,0
663118,"2022-05-28",1,"N","San Francisco Giants","Cincinnati Reds",2,3,1,3
661537,"2022-05-28",1,"N","Miami Marlins","Atlanta Braves",4,1,1,0
661933,"2022-05-28",1,"N","New York Yankees","Tampa Bay Rays",1,3,1,0
663330,"2022-05-28",1,"N","Los Angeles Dodgers","Arizona Diamondbacks",3,2,3,2
662556,"2022-05-28",1,"N","Philadelphia Phillies","New York Mets",2,8,2,7
661518,"2022-05-28",1,"N","Chicago Cubs","Chicago White Sox",5,1,3,1
663400,"2022-05-28",1,"N","Toronto Blue Jays","Los Angeles Angels",6,5,1,2
662280,"2022-05-28",1,"N","Pittsburgh Pirates","San Diego Padres",4,2,1,1
662131,"2022-05-28",1,"N","Houston Astros","Seattle Mariners",0,6,0,6
663072,"2022-05-29",1,"N","San Francisco Giants","Cincinnati Reds",6,4,0,1
663299,"2022-05-29",1,"N","Baltimore Orioles","Boston Red Sox",2,12,1,7
662512,"2022-05-29",1,"N","Colorado Rockies","Washington Nationals",5,6,1,4
661517,"2022-05-29",1,"N","Miami Marlins","Atlanta Braves",3,6,1,6
662840,"2022-05-29",1,"N","Cleveland Guardians","Detroit Tigers",1,2,0,1
661910,"2022-05-29",1,"N","New York Yankees","Tampa Bay Rays",2,4,1,2
661731,"2022-05-29",1,"N","Kansas City Royals","Minnesota Twins",3,7,0,5
661461,"2022-05-29",1,"N","Chicago Cubs","Chicago White Sox",4,5,0,0
661990,"2022-05-29",1,"N","Milwaukee Brewers","St. Louis Cardinals",8,0,4,0
662374,"2022-05-29",1,"N","Texas Rangers","Oakland Athletics",5,6,4,3
663414,"2022-05-29",1,"N","Toronto Blue Jays","Los Angeles Angels",11,10,6,8
663328,"2022-05-29",1,"N","Los Angeles Dodgers","Arizona Diamondbacks",3,1,3,0
662279,"2022-05-29",1,"N","Pittsburgh Pirates","San Diego Padres",2,4,0,2
662130,"2022-05-29",1,"N","Houston Astros","Seattle Mariners",2,1,1,0
662555,"2022-05-29",1,"N","Philadelphia Phillies","New York Mets",4,5,1,3
663149,"2022-05-30",1,"S","Milwaukee Brewers","Chicago Cubs",7,6,2,4
663147,"2022-05-30",2,"S","Milwaukee Brewers","Chicago Cubs",3,1,2,1
662854,"2022-05-30",1,"N","Minnesota Twins","Detroit Tigers",5,7,3,4
661989,"2022-05-30",1,"N","San Diego Padres","St. Louis Cardinals",3,6,1,3
661613,"2022-05-30",1,"N","San Francisco Giants","Philadelphia Phillies",5,4,0,2
662373,"2022-05-30",1,"N","Houston Astros","Oakland Athletics",5,1,4,0
662992,"2022-05-30",1,"N","Miami Marlins","Colorado Rockies",1,7,1,0
663109,"2022-05-30",1,"N","Kansas City Royals","Cleveland Guardians",3,7,1,3
663298,"2022-05-30",1,"N","Baltimore Orioles","Boston Red Sox",10,0,6,0
662545,"2022-05-30",1,"N","Washington Nationals","New York Mets",5,13,4,12
661900,"2022-05-30",1,"N","Tampa Bay Rays","Texas Rangers",5,9,2,5
663327,"2022-05-30",1,"N","Atlanta Braves","Arizona Diamondbacks",2,6,2,6
662743,"2022-05-30",1,"N","Pittsburgh Pirates","Los Angeles Dodgers",6,5,4,2
662806,"2022-05-31",1,"S","Minnesota Twins","Detroit Tigers",8,2,6,1
662836,"2022-05-31",2,"S","Minnesota Twins","Detroit Tigers",0,4,0,4
663034,"2022-05-31",1,"N","Kansas City Royals","Cleveland Guardians",3,8,2,6
661618,"2022-05-31",1,"N","San Francisco Giants","Philadelphia Phillies",7,4,3,1
661075,"2022-05-31",1,"N","Seattle Mariners","Baltimore Orioles",10,0,8,0
661331,"2022-05-31",1,"N","Los Angeles Angels","New York Yankees",1,9,0,5
661797,"2022-05-31",1,"N","Chicago White Sox","Toronto Blue Jays",5,6,3,6
663297,"2022-05-31",1,"N","Cincinnati Reds","Boston Red Sox",2,1,0,0
662544,"2022-05-31",1,"N","Washington Nationals","New York Mets",0,10,0,8
661977,"2022-05-31",1,"N","San Diego Padres","St. Louis Cardinals",2,3,0,2
661884,"2022-05-31",1,"N","Tampa Bay Rays","Texas Rangers",0,3,0,3
663154,"2022-05-31",1,"N","Milwaukee Brewers","Chicago Cubs",7,8,3,3
662367,"2022-05-31",1,"N","Houston Astros","Oakland Athletics",3,1,1,1
663329,"2022-05-31",1,"N","Atlanta Braves","Arizona Diamondbacks",7,8,5,2
662735,"2022-05-31",1,"N","Pittsburgh Pirates","Los Angeles Dodgers",5,3,4,2
663031,"2022-06-01",1,"N","Kansas City Royals","Cleveland Guardians",0,4,0,3
662457,"2022-06-01",1,"N","Washington Nationals","New York Mets",0,5,0,2
661982,"2022-06-01",1,"N","San Diego Padres","St. Louis Cardinals",2,5,1,1
662981,"2022-06-01",1,"Y","Miami Marlins","Colorado Rockies",14,1,5,0
662991,"2022-06-01",2,"Y","Miami Marlins","Colorado Rockies",12,13,7,10
662366,"2022-06-01",1,"N","Houston Astros","Oakland Athletics",5,4,1,0
663326,"2022-06-01",1,"N","Atlanta Braves","Arizona Diamondbacks",6,0,2,0
661612,"2022-06-01",1,"N","San Francisco Giants","Philadelphia Phillies",5,6,0,2
661343,"2022-06-01",1,"N","Seattle Mariners","Baltimore Orioles",2,9,2,4
661764,"2022-06-01",1,"N","Chicago White Sox","Toronto Blue Jays",3,7,3,5
663296,"2022-06-01",1,"N","Cincinnati Reds","Boston Red Sox",1,7,0,4
662833,"2022-06-01",1,"N","Minnesota Twins","Detroit Tigers",0,5,0,5
661963,"2022-06-01",1,"N","Tampa Bay Rays","Texas Rangers",4,3,0,2
663184,"2022-06-01",1,"N","Milwaukee Brewers","Chicago Cubs",3,4,3,3
662721,"2022-06-01",1,"N","Pittsburgh Pirates","Los Angeles Dodgers",8,4,3,2
661330,"2022-06-02",1,"S","Los Angeles Angels","New York Yankees",1,6,0,6
661329,"2022-06-02",2,"S","Los Angeles Angels","New York Yankees",1,2,0,0
662832,"2022-06-02",1,"N","Minnesota Twins","Detroit Tigers",2,3,2,1
661934,"2022-06-02",1,"N","Tampa Bay Rays","Texas Rangers",3,1,3,0
661762,"2022-06-02",1,"N","Chicago White Sox","Toronto Blue Jays",3,8,0,2
663091,"2022-06-02",1,"N","Washington Nationals","Cincinnati Reds",1,8,0,3
661397,"2022-06-02",1,"N","San Francisco Giants","Miami Marlins",0,3,0,1
661247,"2022-06-02",1,"N","Seattle Mariners","Baltimore Orioles",7,6,2,3
661340,"2022-06-02",1,"N","San Diego Padres","Milwaukee Brewers",4,5,1,1
663139,"2022-06-02",1,"N","St. Louis Cardinals","Chicago Cubs",5,7,2,5
663000,"2022-06-02",1,"N","Atlanta Braves","Colorado Rockies",13,6,9,4
662693,"2022-06-02",1,"N","New York Mets","Los Angeles Dodgers",0,2,0,1
663153,"2022-06-03",1,"N","St. Louis Cardinals","Chicago Cubs",14,5,9,4
663119,"2022-06-03",1,"N","Washington Nationals","Cincinnati Reds",8,5,6,2
661396,"2022-06-03",1,"N","San Francisco Giants","Miami Marlins",15,6,8,2
661058,"2022-06-03",1,"N","Cleveland Guardians","Baltimore Orioles",6,3,5,0
662452,"2022-06-03",1,"N","Arizona Diamondbacks","Pittsburgh Pirates",8,6,6,3
661642,"2022-06-03",1,"N","Los Angeles Angels","Philadelphia Phillies",0,10,0,8
661318,"2022-06-03",1,"N","Detroit Tigers","New York Yankees",0,13,0,12
661761,"2022-06-03",1,"N","Minnesota Twins","Toronto Blue Jays",9,3,4,3
661897,"2022-06-03",1,"N","Chicago White Sox","Tampa Bay Rays",3,6,1,4
661913,"2022-06-03",1,"N","Seattle Mariners","Texas Rangers",4,3,2,0
662692,"2022-06-03",1,"N","Houston Astros","Kansas City Royals",10,3,7,0
661334,"2022-06-03",1,"N","San Diego Padres","Milwaukee Brewers",7,0,6,0
662980,"2022-06-03",1,"N","Atlanta Braves","Colorado Rockies",3,1,0,0
662365,"2022-06-03",1,"N","Boston Red Sox","Oakland Athletics",7,2,2,0
662720,"2022-06-03",1,"N","New York Mets","Los Angeles Dodgers",1,6,0,4
661278,"2022-06-04",1,"N","Detroit Tigers","New York Yankees",0,3,0,1
663179,"2022-06-04",1,"S","St. Louis Cardinals","Chicago Cubs",1,6,0,3
663152,"2022-06-04",2,"S","St. Louis Cardinals","Chicago Cubs",7,4,3,1
661749,"2022-06-04",1,"N","Minnesota Twins","Toronto Blue Jays",3,12,2,8
661346,"2022-06-04",1,"N","Cleveland Guardians","Baltimore Orioles",4,5,4,5
662451,"2022-06-04",1,"N","Arizona Diamondbacks","Pittsburgh Pirates",1,2,0,0
661936,"2022-06-04",1,"N","Seattle Mariners","Texas Rangers",2,3,2,3
662364,"2022-06-04",1,"N","Boston Red Sox","Oakland Athletics",8,0,4,0
662689,"2022-06-04",1,"N","Houston Astros","Kansas City Royals",0,6,0,0
663102,"2022-06-04",1,"N","Washington Nationals","Cincinnati Reds",10,8,3,7
661896,"2022-06-04",1,"N","Chicago White Sox","Tampa Bay Rays",3,2,0,2
661395,"2022-06-04",1,"N","San Francisco Giants","Miami Marlins",4,5,4,4
661214,"2022-06-04",1,"N","San Diego Padres","Milwaukee Brewers",4,0,4,0
661615,"2022-06-04",1,"N","Los Angeles Angels","Philadelphia Phillies",2,7,2,5
662987,"2022-06-04",1,"N","Atlanta Braves","Colorado Rockies",6,2,0,1
662687,"2022-06-04",1,"N","New York Mets","Los Angeles Dodgers",9,4,6,4
661277,"2022-06-05",1,"N","Detroit Tigers","New York Yankees",4,5,2,2
661151,"2022-06-05",1,"N","Cleveland Guardians","Baltimore Orioles",3,2,3,2
662450,"2022-06-05",1,"N","Arizona Diamondbacks","Pittsburgh Pirates",0,3,0,1
661633,"2022-06-05",1,"N","Los Angeles Angels","Philadelphia Phillies",7,9,5,2
661747,"2022-06-05",1,"N","Minnesota Twins","Toronto Blue Jays",8,6,5,2
663058,"2022-06-05",1,"N","Washington Nationals","Cincinnati Reds",5,4,4,3
661895,"2022-06-05",1,"N","Chicago White Sox","Tampa Bay Rays",6,5,6,1
661394,"2022-06-05",1,"N","San Francisco Giants","Miami Marlins",5,1,4,0
662688,"2022-06-05",1,"N","Houston Astros","Kansas City Royals",7,4,3,0
661241,"2022-06-05",1,"N","San Diego Padres","Milwaukee Brewers",6,4,3,1
661962,"2022-06-05",1,"N","Seattle Mariners","Texas Rangers",6,5,2,2
662990,"2022-06-05",1,"N","Atlanta Braves","Colorado Rockies",8,7,7,4
662363,"2022-06-05",1,"N","Boston Red Sox","Oakland Athletics",5,2,1,1
662612,"2022-06-05",1,"N","New York Mets","Los Angeles Dodgers",5,4,1,2
663138,"2022-06-05",1,"N","St. Louis Cardinals","Chicago Cubs",5,3,2,2
663065,"2022-06-06",1,"N","Arizona Diamondbacks","Cincinnati Reds",0,7,0,4
662762,"2022-06-06",1,"N","Seattle Mariners","Houston Astros",7,4,5,4
662613,"2022-06-06",1,"N","Toronto Blue Jays","Kansas City Royals",8,0,3,0
663399,"2022-06-06",1,"N","Boston Red Sox","Los Angeles Angels",1,0,1,0
662278,"2022-06-06",1,"N","New York Mets","San Diego Padres",11,5,5,1
663122,"2022-06-07",1,"Y","Texas Rangers","Cleveland Guardians",3,6,1,5
663134,"2022-06-07",2,"Y","Texas Rangers","Cleveland Guardians",6,3,5,0
663064,"2022-06-07",1,"N","Arizona Diamondbacks","Cincinnati Reds",8,14,0,9
661169,"2022-06-07",1,"N","Washington Nationals","Miami Marlins",2,12,0,12
661170,"2022-06-07",1,"N","Chicago Cubs","Baltimore Orioles",3,9,2,8
662449,"2022-06-07",1,"N","Detroit Tigers","Pittsburgh Pirates",5,3,4,3
661894,"2022-06-07",1,"N","St. Louis Cardinals","Tampa Bay Rays",2,4,0,0
661516,"2022-06-07",1,"N","Oakland Athletics","Atlanta Braves",2,3,2,2
661693,"2022-06-07",1,"N","New York Yankees","Minnesota Twins",10,4,5,4
662761,"2022-06-07",1,"N","Seattle Mariners","Houston Astros",1,4,1,2
662678,"2022-06-07",1,"N","Toronto Blue Jays","Kansas City Royals",7,0,2,0
661460,"2022-06-07",1,"N","Los Angeles Dodgers","Chicago White Sox",0,4,0,0
661205,"2022-06-07",1,"N","Philadelphia Phillies","Milwaukee Brewers",3,2,1,2
663391,"2022-06-07",1,"N","Boston Red Sox","Los Angeles Angels",6,5,3,5
662277,"2022-06-07",1,"N","New York Mets","San Diego Padres",0,7,0,4
662092,"2022-06-07",1,"N","Colorado Rockies","San Francisco Giants",5,3,2,3
662448,"2022-06-08",1,"N","Detroit Tigers","Pittsburgh Pirates",3,1,1,1
662679,"2022-06-08",1,"N","Toronto Blue Jays","Kansas City Royals",4,8,3,6
663050,"2022-06-08",1,"N","Arizona Diamondbacks","Cincinnati Reds",7,0,3,0
662760,"2022-06-08",1,"N","Seattle Mariners","Houston Astros",6,3,5,3
661150,"2022-06-08",1,"N","Washington Nationals","Miami Marlins",1,2,0,0
661892,"2022-06-08",1,"N","St. Louis Cardinals","Tampa Bay Rays",3,11,1,5
663055,"2022-06-08",1,"N","Texas Rangers","Cleveland Guardians",0,4,0,4
661515,"2022-06-08",1,"N","Oakland Athletics","Atlanta Braves",2,13,2,5
661681,"2022-06-08",1,"N","New York Yankees","Minnesota Twins",1,8,1,4
661459,"2022-06-08",1,"N","Los Angeles Dodgers","Chicago White Sox",4,1,3,1
661188,"2022-06-08",1,"N","Philadelphia Phillies","Milwaukee Brewers",10,0,5,0
663398,"2022-06-08",1,"N","Boston Red Sox","Los Angeles Angels",1,0,0,0
662223,"2022-06-08",1,"N","New York Mets","San Diego Padres",2,13,0,11
662094,"2022-06-08",1,"N","Colorado Rockies","San Francisco Giants",1,2,1,1
663049,"2022-06-09",1,"N","Arizona Diamondbacks","Cincinnati Reds",5,4,1,3
661891,"2022-06-09",1,"N","St. Louis Cardinals","Tampa Bay Rays",1,2,0,2
661458,"2022-06-09",1,"N","Los Angeles Dodgers","Chicago White Sox",11,9,6,5
661194,"2022-06-09",1,"N","Philadelphia Phillies","Milwaukee Brewers",8,3,3,1
662091,"2022-06-09",1,"N","Colorado Rockies","San Francisco Giants",4,2,3,2
661149,"2022-06-09",1,"N","Washington Nationals","Miami Marlins",4,7,2,7
663015,"2022-06-09",1,"N","Oakland Athletics","Cleveland Guardians",4,8,2,2
661514,"2022-06-09",1,"N","Pittsburgh Pirates","Atlanta Braves",1,3,1,3
661697,"2022-06-09",1,"N","New York Yankees","Minnesota Twins",10,7,5,7
662677,"2022-06-09",1,"N","Baltimore Orioles","Kansas City Royals",5,7,4,6
663413,"2022-06-09",1,"N","Boston Red Sox","Los Angeles Angels",2,5,1,2
661617,"2022-06-10",1,"N","Arizona Diamondbacks","Philadelphia Phillies",5,7,0,6
661284,"2022-06-10",1,"N","Chicago Cubs","New York Yankees",1,2,1,1
662511,"2022-06-10",1,"N","Milwaukee Brewers","Washington Nationals",5,11,3,6
663014,"2022-06-10",1,"N","Oakland Athletics","Cleveland Guardians",2,3,2,0
662831,"2022-06-10",1,"N","Toronto Blue Jays","Detroit Tigers",10,1,8,0
661513,"2022-06-10",1,"N","Pittsburgh Pirates","Atlanta Braves",2,4,0,4
662676,"2022-06-10",1,"N","Baltimore Orioles","Kansas City Royals",1,8,0,7
661678,"2022-06-10",1,"N","Tampa Bay Rays","Minnesota Twins",4,9,1,7
661485,"2022-06-10",1,"N","Texas Rangers","Chicago White Sox",3,8,1,1
662759,"2022-06-10",1,"N","Miami Marlins","Houston Astros",7,4,6,3
661983,"2022-06-10",1,"N","Cincinnati Reds","St. Louis Cardinals",0,2,0,2
663390,"2022-06-10",1,"N","New York Mets","Los Angeles Angels",7,3,4,2
662275,"2022-06-10",1,"N","Colorado Rockies","San Diego Padres",0,9,0,5
662129,"2022-06-10",1,"N","Boston Red Sox","Seattle Mariners",4,3,2,2
662090,"2022-06-10",1,"N","Los Angeles Dodgers","San Francisco Giants",2,7,2,6
661680,"2022-06-11",1,"N","Tampa Bay Rays","Minnesota Twins",5,6,3,5
661484,"2022-06-11",1,"N","Texas Rangers","Chicago White Sox",11,9,4,7
661976,"2022-06-11",1,"N","Cincinnati Reds","St. Louis Cardinals",4,5,3,0
661614,"2022-06-11",1,"N","Arizona Diamondbacks","Philadelphia Phillies",0,4,0,3
662510,"2022-06-11",1,"N","Milwaukee Brewers","Washington Nationals",6,8,1,8
662674,"2022-06-11",1,"N","Baltimore Orioles","Kansas City Royals",6,4,1,3
663084,"2022-06-11",1,"N","Oakland Athletics","Cleveland Guardians",10,5,2,4
662251,"2022-06-11",1,"S","Colorado Rockies","San Diego Padres",1,2,0,1
662222,"2022-06-11",2,"S","Colorado Rockies","San Diego Padres",6,2,6,1
662830,"2022-06-11",1,"N","Toronto Blue Jays","Detroit Tigers",1,3,0,2
661160,"2022-06-11",1,"N","Pittsburgh Pirates","Atlanta Braves",4,10,4,2
662756,"2022-06-11",1,"N","Miami Marlins","Houston Astros",5,1,4,1
662089,"2022-06-11",1,"N","Los Angeles Dodgers","San Francisco Giants",2,3,0,2
661276,"2022-06-11",1,"N","Chicago Cubs","New York Yankees",0,8,0,6
663412,"2022-06-11",1,"N","New York Mets","Los Angeles Angels",6,11,0,5
662128,"2022-06-11",1,"N","Boston Red Sox","Seattle Mariners",6,7,5,4
663083,"2022-06-12",1,"N","Oakland Athletics","Cleveland Guardians",3,6,1,3
661622,"2022-06-12",1,"N","Arizona Diamondbacks","Philadelphia Phillies",13,1,4,1
661144,"2022-06-12",1,"N","Pittsburgh Pirates","Atlanta Braves",3,5,3,4
661270,"2022-06-12",1,"N","Chicago Cubs","New York Yankees",4,18,3,10
662542,"2022-06-12",1,"N","Milwaukee Brewers","Washington Nationals",4,1,3,1
662829,"2022-06-12",1,"N","Toronto Blue Jays","Detroit Tigers",6,0,4,0
662673,"2022-06-12",1,"N","Baltimore Orioles","Kansas City Royals",10,7,6,0
661679,"2022-06-12",1,"N","Tampa Bay Rays","Minnesota Twins",6,0,5,0
661483,"2022-06-12",1,"N","Texas Rangers","Chicago White Sox",8,6,3,1
662758,"2022-06-12",1,"N","Miami Marlins","Houston Astros",4,9,0,5
661975,"2022-06-12",1,"N","Cincinnati Reds","St. Louis Cardinals",7,6,4,4
662085,"2022-06-12",1,"N","Los Angeles Dodgers","San Francisco Giants",0,2,0,2
662256,"2022-06-12",1,"N","Colorado Rockies","San Diego Padres",4,2,2,1
662127,"2022-06-12",1,"N","Boston Red Sox","Seattle Mariners",2,0,0,0
663397,"2022-06-12",1,"N","New York Mets","Los Angeles Angels",4,1,2,1
662505,"2022-06-13",1,"N","Atlanta Braves","Washington Nationals",9,5,6,4
661629,"2022-06-13",1,"N","Miami Marlins","Philadelphia Phillies",2,3,1,1
661746,"2022-06-13",1,"N","Baltimore Orioles","Toronto Blue Jays",1,11,0,9
662828,"2022-06-13",1,"N","Chicago White Sox","Detroit Tigers",9,5,4,3
661974,"2022-06-13",1,"N","Pittsburgh Pirates","St. Louis Cardinals",5,7,5,0
663183,"2022-06-13",1,"N","San Diego Padres","Chicago Cubs",4,1,1,1
661881,"2022-06-13",1,"N","Houston Astros","Texas Rangers",3,5,3,1
663345,"2022-06-13",1,"N","Cincinnati Reds","Arizona Diamondbacks",5,4,4,4
662069,"2022-06-13",1,"N","Kansas City Royals","San Francisco Giants",2,6,2,2
662126,"2022-06-13",1,"N","Minnesota Twins","Seattle Mariners",3,2,2,1
662018,"2022-06-14",1,"S","Pittsburgh Pirates","St. Louis Cardinals",1,3,0,3
661973,"2022-06-14",2,"S","Pittsburgh Pirates","St. Louis Cardinals",1,9,1,7
662503,"2022-06-14",1,"N","Atlanta Braves","Washington Nationals",10,4,7,3
661616,"2022-06-14",1,"N","Miami Marlins","Philadelphia Phillies",11,9,4,8
661328,"2022-06-14",1,"N","Tampa Bay Rays","New York Yankees",0,2,0,2
661745,"2022-06-14",1,"N","Baltimore Orioles","Toronto Blue Jays",6,5,5,3
663279,"2022-06-14",1,"N","Oakland Athletics","Boston Red Sox",1,6,0,6
662884,"2022-06-14",1,"N","Chicago White Sox","Detroit Tigers",5,1,4,1
662441,"2022-06-14",1,"N","Milwaukee Brewers","New York Mets",0,4,0,4
663182,"2022-06-14",1,"N","San Diego Padres","Chicago Cubs",12,5,0,5
661880,"2022-06-14",1,"N","Houston Astros","Texas Rangers",4,3,0,3
662935,"2022-06-14",1,"N","Cleveland Guardians","Colorado Rockies",4,3,2,1
663342,"2022-06-14",1,"N","Cincinnati Reds","Arizona Diamondbacks",5,3,0,0
662068,"2022-06-14",1,"N","Kansas City Royals","San Francisco Giants",2,4,0,0
662611,"2022-06-14",1,"N","Los Angeles Angels","Los Angeles Dodgers",0,2,0,1
662125,"2022-06-14",1,"N","Minnesota Twins","Seattle Mariners",0,5,0,4
661583,"2022-06-15",1,"N","Miami Marlins","Philadelphia Phillies",1,3,1,0
662883,"2022-06-15",1,"N","Chicago White Sox","Detroit Tigers",13,0,9,0
661845,"2022-06-15",1,"N","Houston Astros","Texas Rangers",9,2,7,2
663336,"2022-06-15",1,"N","Cincinnati Reds","Arizona Diamondbacks",4,7,2,3
662082,"2022-06-15",1,"N","Kansas City Royals","San Francisco Giants",3,2,2,2
662173,"2022-06-15",1,"N","Minnesota Twins","Seattle Mariners",5,0,0,0
662504,"2022-06-15",1,"N","Atlanta Braves","Washington Nationals",8,2,3,1
661327,"2022-06-15",1,"N","Tampa Bay Rays","New York Yankees",3,4,0,4
661744,"2022-06-15",1,"N","Baltimore Orioles","Toronto Blue Jays",6,7,2,6
663235,"2022-06-15",1,"N","Oakland Athletics","Boston Red Sox",1,10,0,6
662480,"2022-06-15",1,"N","Milwaukee Brewers","New York Mets",10,2,10,1
661972,"2022-06-15",1,"N","Pittsburgh Pirates","St. Louis Cardinals",6,4,4,4
663155,"2022-06-15",1,"N","San Diego Padres","Chicago Cubs",19,5,11,4
662893,"2022-06-15",1,"N","Cleveland Guardians","Colorado Rockies",7,5,5,4
662694,"2022-06-15",1,"N","Los Angeles Angels","Los Angeles Dodgers",1,4,0,4
663267,"2022-06-16",1,"N","Oakland Athletics","Boston Red Sox",4,3,3,1
663125,"2022-06-16",1,"N","San Diego Padres","Chicago Cubs",6,4,5,2
661743,"2022-06-16",1,"N","Baltimore Orioles","Toronto Blue Jays",10,2,7,1
662986,"2022-06-16",1,"N","Cleveland Guardians","Colorado Rockies",4,2,3,1
662501,"2022-06-16",1,"N","Philadelphia Phillies","Washington Nationals",10,1,9,1
661326,"2022-06-16",1,"N","Tampa Bay Rays","New York Yankees",1,2,1,0
662827,"2022-06-16",1,"N","Texas Rangers","Detroit Tigers",3,1,0,0
662535,"2022-06-16",1,"N","Milwaukee Brewers","New York Mets",4,5,4,4
662172,"2022-06-16",1,"N","Los Angeles Angels","Seattle Mariners",4,1,2,0
662580,"2022-06-17",1,"S","Philadelphia Phillies","Washington Nationals",5,3,4,1
662502,"2022-06-17",2,"S","Philadelphia Phillies","Washington Nationals",8,7,3,3
663124,"2022-06-17",1,"N","Atlanta Braves","Chicago Cubs",0,1,0,0
661093,"2022-06-17",1,"N","Tampa Bay Rays","Baltimore Orioles",0,1,0,0
663063,"2022-06-17",1,"N","Milwaukee Brewers","Cincinnati Reds",5,4,4,2
662437,"2022-06-17",1,"N","San Francisco Giants","Pittsburgh Pirates",2,0,2,0
661742,"2022-06-17",1,"N","New York Yankees","Toronto Blue Jays",12,3,10,1
663256,"2022-06-17",1,"N","St. Louis Cardinals","Boston Red Sox",5,6,1,3
662826,"2022-06-17",1,"N","Texas Rangers","Detroit Tigers",7,0,5,0
662534,"2022-06-17",1,"N","Miami Marlins","New York Mets",4,10,1,3
662757,"2022-06-17",1,"N","Chicago White Sox","Houston Astros",3,13,3,3
662985,"2022-06-17",1,"N","San Diego Padres","Colorado Rockies",4,10,4,8
662362,"2022-06-17",1,"N","Kansas City Royals","Oakland Athletics",5,1,5,1
663335,"2022-06-17",1,"N","Minnesota Twins","Arizona Diamondbacks",2,7,2,7
662719,"2022-06-17",1,"N","Cleveland Guardians","Los Angeles Dodgers",2,1,1,1
662171,"2022-06-17",1,"N","Los Angeles Angels","Seattle Mariners",1,8,0,7
663239,"2022-06-18",1,"N","Atlanta Braves","Chicago Cubs",3,6,2,4
661748,"2022-06-18",1,"N","New York Yankees","Toronto Blue Jays",4,0,3,0
661123,"2022-06-18",1,"N","San Francisco Giants","Pittsburgh Pirates",7,5,3,4
661127,"2022-06-18",1,"N","Tampa Bay Rays","Baltimore Orioles",7,6,6,5
662368,"2022-06-18",1,"N","Kansas City Royals","Oakland Athletics",2,0,0,0
662194,"2022-06-18",1,"S","Los Angeles Angels","Seattle Mariners",4,2,2,1
662170,"2022-06-18",2,"S","Los Angeles Angels","Seattle Mariners",3,0,1,0
662802,"2022-06-18",1,"N","Texas Rangers","Detroit Tigers",7,14,1,11
662752,"2022-06-18",1,"N","Chicago White Sox","Houston Astros",7,0,7,0
662533,"2022-06-18",1,"N","Miami Marlins","New York Mets",2,3,0,3
663062,"2022-06-18",1,"N","Milwaukee Brewers","Cincinnati Reds",7,3,4,1
662500,"2022-06-18",1,"N","Philadelphia Phillies","Washington Nationals",2,1,0,0
662686,"2022-06-18",1,"N","Cleveland Guardians","Los Angeles Dodgers",1,7,1,5
663255,"2022-06-18",1,"N","St. Louis Cardinals","Boston Red Sox",11,2,4,2
662999,"2022-06-18",1,"N","San Diego Padres","Colorado Rockies",4,5,4,4
663351,"2022-06-18",1,"N","Minnesota Twins","Arizona Diamondbacks",11,1,9,1
662553,"2022-06-19",1,"N","Philadelphia Phillies","Washington Nationals",3,9,3,8
661122,"2022-06-19",1,"N","San Francisco Giants","Pittsburgh Pirates",3,4,2,2
663254,"2022-06-19",1,"N","St. Louis Cardinals","Boston Red Sox",4,6,1,2
661074,"2022-06-19",1,"N","Tampa Bay Rays","Baltimore Orioles",1,2,1,2
661741,"2022-06-19",1,"N","New York Yankees","Toronto Blue Jays",9,10,6,3
662807,"2022-06-19",1,"N","Texas Rangers","Detroit Tigers",3,7,3,5
662532,"2022-06-19",1,"N","Miami Marlins","New York Mets",6,2,0,0
663061,"2022-06-19",1,"N","Milwaukee Brewers","Cincinnati Reds",6,3,3,3
663218,"2022-06-19",1,"N","Atlanta Braves","Chicago Cubs",6,0,6,0
662998,"2022-06-19",1,"N","San Diego Padres","Colorado Rockies",3,8,1,6
662361,"2022-06-19",1,"N","Kansas City Royals","Oakland Athletics",0,4,0,1
662590,"2022-06-19",1,"N","Cleveland Guardians","Los Angeles Dodgers",5,3,1,2
662169,"2022-06-19",1,"N","Los Angeles Angels","Seattle Mariners",4,0,2,0
663334,"2022-06-19",1,"N","Minnesota Twins","Arizona Diamondbacks",1,7,1,3
662751,"2022-06-19",1,"N","Chicago White Sox","Houston Astros",3,4,1,4
662522,"2022-06-20",1,"N","Miami Marlins","New York Mets",0,6,0,4
661121,"2022-06-20",1,"N","Chicago Cubs","Pittsburgh Pirates",1,12,0,7
663253,"2022-06-20",1,"N","Detroit Tigers","Boston Red Sox",2,5,1,5
661893,"2022-06-20",1,"N","New York Yankees","Tampa Bay Rays",4,2,1,0
661143,"2022-06-20",1,"N","San Francisco Giants","Atlanta Braves",1,2,0,1
661482,"2022-06-20",1,"N","Toronto Blue Jays","Chicago White Sox",7,8,2,8
661186,"2022-06-20",1,"N","St. Louis Cardinals","Milwaukee Brewers",0,2,0,2
663443,"2022-06-20",1,"N","Kansas City Royals","Los Angeles Angels",6,2,2,2
662221,"2022-06-20",1,"N","Arizona Diamondbacks","San Diego Padres",1,4,1,4
663041,"2022-06-21",1,"N","Los Angeles Dodgers","Cincinnati Reds",8,2,4,2
661148,"2022-06-21",1,"N","Colorado Rockies","Miami Marlins",8,9,5,8
661198,"2022-06-21",1,"N","Washington Nationals","Baltimore Orioles",3,0,2,0
661124,"2022-06-21",1,"N","Chicago Cubs","Pittsburgh Pirates",1,7,1,6
663246,"2022-06-21",1,"N","Detroit Tigers","Boston Red Sox",4,5,3,4
661890,"2022-06-21",1,"N","New York Yankees","Tampa Bay Rays",4,5,2,5
661142,"2022-06-21",1,"N","San Francisco Giants","Atlanta Braves",12,10,6,7
661677,"2022-06-21",1,"N","Cleveland Guardians","Minnesota Twins",6,5,3,2
661846,"2022-06-21",1,"N","Philadelphia Phillies","Texas Rangers",0,7,0,2
662750,"2022-06-21",1,"N","New York Mets","Houston Astros",2,8,0,7
661481,"2022-06-21",1,"N","Toronto Blue Jays","Chicago White Sox",6,5,0,2
661192,"2022-06-21",1,"N","St. Louis Cardinals","Milwaukee Brewers",6,2,3,2
663442,"2022-06-21",1,"N","Kansas City Royals","Los Angeles Angels",7,5,5,1
662248,"2022-06-21",1,"N","Arizona Diamondbacks","San Diego Padres",2,2,2,1
662360,"2022-06-21",1,"N","Seattle Mariners","Oakland Athletics",7,2,1,0
661481,"2022-06-21",1,"N","Toronto Blue Jays","Chicago White Sox",6,7,0,2
663442,"2022-06-21",1,"N","Kansas City Royals","Los Angeles Angels",12,11,5,1
662248,"2022-06-21",1,"N","Arizona Diamondbacks","San Diego Padres",2,3,2,1
662360,"2022-06-21",1,"N","Seattle Mariners","Oakland Athletics",8,2,1,0
662749,"2022-06-22",1,"N","New York Mets","Houston Astros",3,5,1,5
661457,"2022-06-22",1,"N","Toronto Blue Jays","Chicago White Sox",9,5,7,0
661851,"2022-06-22",1,"N","Philadelphia Phillies","Texas Rangers",2,4,2,4
662245,"2022-06-22",1,"N","Arizona Diamondbacks","San Diego Padres",4,10,1,8
663040,"2022-06-22",1,"N","Los Angeles Dodgers","Cincinnati Reds",8,4,4,4
661393,"2022-06-22",1,"N","Colorado Rockies","Miami Marlins",4,7,1,4
661246,"2022-06-22",1,"N","Washington Nationals","Baltimore Orioles",0,7,0,3
661107,"2022-06-22",1,"N","Chicago Cubs","Pittsburgh Pirates",14,5,10,1
663252,"2022-06-22",1,"N","Detroit Tigers","Boston Red Sox",2,6,2,6
661889,"2022-06-22",1,"N","New York Yankees","Tampa Bay Rays",5,4,1,4
661141,"2022-06-22",1,"N","San Francisco Giants","Atlanta Braves",3,4,2,0
661690,"2022-06-22",1,"N","Cleveland Guardians","Minnesota Twins",11,10,4,6
661230,"2022-06-22",1,"N","St. Louis Cardinals","Milwaukee Brewers",5,4,3,4
662359,"2022-06-22",1,"N","Seattle Mariners","Oakland Athletics",9,0,8,0
663389,"2022-06-22",1,"N","Kansas City Royals","Los Angeles Angels",0,5,0,1
661392,"2022-06-23",1,"N","Colorado Rockies","Miami Marlins",2,3,2,2
661140,"2022-06-23",1,"N","San Francisco Giants","Atlanta Braves",6,7,2,7
663039,"2022-06-23",1,"N","Los Angeles Dodgers","Cincinnati Reds",10,5,6,1
661106,"2022-06-23",1,"N","Chicago Cubs","Pittsburgh Pirates",7,8,2,4
661685,"2022-06-23",1,"N","Cleveland Guardians","Minnesota Twins",0,1,0,1
661183,"2022-06-23",1,"N","St. Louis Cardinals","Milwaukee Brewers",4,6,3,5
662358,"2022-06-23",1,"N","Seattle Mariners","Oakland Athletics",2,1,0,1
661325,"2022-06-23",1,"N","Houston Astros","New York Yankees",6,7,6,3
661456,"2022-06-23",1,"N","Baltimore Orioles","Chicago White Sox",4,0,2,0
662227,"2022-06-23",1,"N","Philadelphia Phillies","San Diego Padres",6,2,1,1
661382,"2022-06-24",1,"N","New York Mets","Miami Marlins",5,3,2,2
661274,"2022-06-24",1,"N","Houston Astros","New York Yankees",3,1,0,0
663054,"2022-06-24",1,"N","Boston Red Sox","Cleveland Guardians",6,3,2,2
661888,"2022-06-24",1,"N","Pittsburgh Pirates","Tampa Bay Rays",3,4,3,3
661139,"2022-06-24",1,"N","Los Angeles Dodgers","Atlanta Braves",4,1,4,0
661844,"2022-06-24",1,"N","Washington Nationals","Texas Rangers",2,1,0,0
662664,"2022-06-24",1,"N","Oakland Athletics","Kansas City Royals",1,3,1,2
661684,"2022-06-24",1,"N","Colorado Rockies","Minnesota Twins",1,0,0,0
661455,"2022-06-24",1,"N","Baltimore Orioles","Chicago White Sox",4,1,3,1
661190,"2022-06-24",1,"N","Toronto Blue Jays","Milwaukee Brewers",9,4,5,1
661971,"2022-06-24",1,"N","Chicago Cubs","St. Louis Cardinals",3,0,3,0
663388,"2022-06-24",1,"N","Seattle Mariners","Los Angeles Angels",4,3,3,1
663333,"2022-06-24",1,"N","Detroit Tigers","Arizona Diamondbacks",5,1,4,1
662255,"2022-06-24",1,"N","Philadelphia Phillies","San Diego Padres",0,1,0,0
662067,"2022-06-24",1,"N","Cincinnati Reds","San Francisco Giants",4,2,3,1
661271,"2022-06-25",1,"N","Houston Astros","New York Yankees",3,0,0,0
661887,"2022-06-25",1,"N","Pittsburgh Pirates","Tampa Bay Rays",5,6,2,3
661454,"2022-06-25",1,"N","Baltimore Orioles","Chicago White Sox",6,2,2,1
661970,"2022-06-25",1,"N","Chicago Cubs","St. Louis Cardinals",3,5,1,2
661898,"2022-06-25",1,"N","Washington Nationals","Texas Rangers",2,3,0,2
662672,"2022-06-25",1,"N","Oakland Athletics","Kansas City Royals",9,7,5,3
661381,"2022-06-25",1,"N","New York Mets","Miami Marlins",5,3,3,3
661264,"2022-06-25",1,"N","Toronto Blue Jays","Milwaukee Brewers",4,5,2,5
663042,"2022-06-25",1,"N","Boston Red Sox","Cleveland Guardians",4,2,0,2
662083,"2022-06-25",1,"N","Cincinnati Reds","San Francisco Giants",2,9,1,6
661686,"2022-06-25",1,"N","Colorado Rockies","Minnesota Twins",0,6,0,4
661138,"2022-06-25",1,"N","Los Angeles Dodgers","Atlanta Braves",3,5,0,3
663441,"2022-06-25",1,"N","Seattle Mariners","Los Angeles Angels",5,3,1,2
663346,"2022-06-25",1,"N","Detroit Tigers","Arizona Diamondbacks",6,3,3,3
662247,"2022-06-25",1,"N","Philadelphia Phillies","San Diego Padres",4,2,3,2
661380,"2022-06-26",1,"N","New York Mets","Miami Marlins",2,3,2,2
661273,"2022-06-26",1,"N","Houston Astros","New York Yankees",3,6,3,0
663121,"2022-06-26",1,"N","Boston Red Sox","Cleveland Guardians",8,3,3,0
661886,"2022-06-26",1,"N","Pittsburgh Pirates","Tampa Bay Rays",2,4,1,1
662665,"2022-06-26",1,"N","Oakland Athletics","Kansas City Royals",5,3,1,0
661692,"2022-06-26",1,"N","Colorado Rockies","Minnesota Twins",3,6,3,5
661453,"2022-06-26",1,"N","Baltimore Orioles","Chicago White Sox",3,4,1,4
661206,"2022-06-26",1,"N","Toronto Blue Jays","Milwaukee Brewers",3,10,3,8
661969,"2022-06-26",1,"N","Chicago Cubs","St. Louis Cardinals",6,5,5,5
661847,"2022-06-26",1,"N","Washington Nationals","Texas Rangers",6,4,6,0
662061,"2022-06-26",1,"N","Cincinnati Reds","San Francisco Giants",10,3,10,1
663387,"2022-06-26",1,"N","Seattle Mariners","Los Angeles Angels",1,2,0,0
663331,"2022-06-26",1,"N","Detroit Tigers","Arizona Diamondbacks",7,11,6,6
662254,"2022-06-26",1,"N","Philadelphia Phillies","San Diego Padres",8,5,3,5
661512,"2022-06-26",1,"N","Los Angeles Dodgers","Atlanta Braves",5,3,0,0
662487,"2022-06-27",1,"N","Pittsburgh Pirates","Washington Nationals",2,3,2,0
661275,"2022-06-27",1,"N","Oakland Athletics","New York Yankees",5,9,5,3
661740,"2022-06-27",1,"N","Boston Red Sox","Toronto Blue Jays",2,7,0,7
663016,"2022-06-27",1,"N","Minnesota Twins","Cleveland Guardians",11,1,5,0
661968,"2022-06-27",1,"N","Miami Marlins","St. Louis Cardinals",0,9,0,5
662681,"2022-06-27",1,"N","Texas Rangers","Kansas City Royals",10,4,7,4
662912,"2022-06-27",1,"N","Los Angeles Dodgers","Colorado Rockies",0,4,0,2
663440,"2022-06-27",1,"N","Chicago White Sox","Los Angeles Angels",3,4,0,2
662168,"2022-06-27",1,"N","Baltimore Orioles","Seattle Mariners",9,2,7,1
