"game_pk","gameGuid","link","gameType","season","gameDate","officialDate","rescheduledFrom","rescheduledFromDate","isTie","gameNumber","publicFacing","doubleHeader","gamedayType","tiebreaker","calendarEventID","seasonDisplay","dayNight","description","scheduledInnings","reverseHomeAwayStatus","inningBreakLength","gamesInSeries","seriesGameNumber","seriesDescription","recordSource","ifNecessary","ifNecessaryDescription","status.abstractGameState","status.codedGameState","status.detailedState","status.statusCode","status.startTimeTBD","status.abstractGameCode","teams.away.score","teams.away.isWinner","teams.away.splitSquad","teams.away.seriesNumber","teams.away.leagueRecord.wins","teams.away.leagueRecord.losses","teams.away.leagueRecord.pct","teams.away.team.id","teams.away.team.name","teams.away.team.link","teams.home.score","teams.home.isWinner","teams.home.splitSquad","teams.home.seriesNumber","teams.home.leagueRecord.wins","teams.home.leagueRecord.losses","teams.home.leagueRecord.pct","teams.home.team.id","teams.home.team.name","teams.home.team.link","venue.id","venue.name","venue.link","content.link","status.reason","rescheduleDate","rescheduleGameDate"
745848,"51744afe-485d-4bbf-8370-cbe280528a43","/api/v1.1/game/745848/feed/live","R","2024","2024-03-29T17:40:00Z","2024-03-29","2024-03-28T17:10:00Z","2024-03-28",FALSE,1,TRUE,"N","P","N","14-745848-2024-03-29","2024","day","Mets home opener; makeup of 3/28 PPD",9,FALSE,120,3,1,"Regular Season","S","N","Normal Game","Final","F","Final","F",FALSE,"F",3,TRUE,FALSE,1,1,0,"1.000",158,"Milwaukee Brewers","/api/v1/teams/158",1,FALSE,FALSE,1,0,1,".000",121,"New York Mets","/api/v1/teams/121",3289,"Citi Field","/api/v1/venues/3289","/api/v1/game/745848/content",NA,NA,NA
745604,"dad8a346-7540-45af-ac82-1c9df09e42b3","/api/v1.1/game/745604/feed/live","R","2024","2024-03-29T19:05:00Z","2024-03-29","2024-03-28T19:05:00Z","2024-03-28",FALSE,1,TRUE,"N","P","N","14-745604-2024-03-29","2024","day","Phillies home opener; makeup of 3/28 PPD",9,FALSE,120,3,1,"Regular Season","S","N","Normal Game","Final","F","Final","F",FALSE,"F",9,TRUE,FALSE,1,1,0,"1.000",144,"Atlanta Braves","/api/v1/teams/144",3,FALSE,FALSE,1,0,1,".000",143,"Philadelphia Phillies","/api/v1/teams/143",2681,"Citizens Bank Park","/api/v1/venues/2681","/api/v1/game/745604/content",NA,NA,NA
745117,"33c7f962-5262-4919-a3d7-10bf03d0ef3b","/api/v1.1/game/745117/feed/live","R","2024","2024-03-29T22:50:00Z","2024-03-29",NA,NA,FALSE,1,TRUE,"N","P","N","14-745117-2024-03-29","2024","night",NA,9,FALSE,120,4,2,"Regular Season","S","N","Normal Game","Final","F","Final","F",FALSE,"F",2,FALSE,FALSE,1,1,1,".500",141,"Toronto Blue Jays","/api/v1/teams/141",8,TRUE,FALSE,1,1,1,".500",139,"Tampa Bay Rays","/api/v1/teams/139",12,"Tropicana Field","/api/v1/venues/12","/api/v1/game/745117/content",NA,NA,NA
746091,"953fa24c-0eeb-4667-8bf6-1ce17a54d0f1","/api/v1.1/game/746091/feed/live","R","2024","2024-03-29T23:10:00Z","2024-03-29",NA,NA,FALSE,1,TRUE,"N","P","N","14-746091-2024-03-29","2024","night",NA,9,FALSE,120,4,2,"Regular Season","S","N","Normal Game","Final","F","Final","F",FALSE,"F",7,TRUE,FALSE,1,2,0,"1.000",134,"Pittsburgh Pirates","/api/v1/teams/134",2,FALSE,FALSE,1,0,2,".000",146,"Miami Marlins","/api/v1/teams/146",4169,"loanDepot park","/api/v1/venues/4169","/api/v1/game/746091/content",NA,NA,NA
746412,"e6191d49-c226-4d6d-ad5d-fef774b0a27b","/api/v1.1/game/746412/feed/live","R","2024","2024-03-30T00:10:00Z","2024-03-29",NA,NA,FALSE,1,TRUE,"N","P","N","14-746412-2024-03-29","2024","night",NA,9,FALSE,145,4,2,"Regular Season","S","N","Normal Game","Final","F","Final","F",FALSE,"F",7,TRUE,FALSE,1,2,0,"1.000",147,"New York Yankees","/api/v1/teams/147",1,FALSE,FALSE,1,0,2,".000",117,"Houston Astros","/api/v1/teams/117",2392,"Minute Maid Park","/api/v1/venues/2392","/api/v1/game/746412/content",NA,NA,NA
747223,"cf3ba4a2-a759-421f-82fe-d81727356482","/api/v1.1/game/747223/feed/live","R","2024","2024-03-30T01:40:00Z","2024-03-29",NA,NA,FALSE,1,TRUE,"N","P","N","14-747223-2024-03-29","2024","night",NA,9,FALSE,120,4,2,"Regular Season","S","N","Normal Game","Final","F","Final","F",FALSE,"F",3,FALSE,FALSE,1,0,2,".000",115,"Colorado Rockies","/api/v1/teams/115",7,TRUE,FALSE,1,2,0,"1.000",109,"Arizona Diamondbacks","/api/v1/teams/109",15,"Chase Field","/api/v1/venues/15","/api/v1/game/747223/content",NA,NA,NA
745682,"15861b00-a14c-4033-ac83-1b7e19550b6c","/api/v1.1/game/745682/feed/live","R","2024","2024-03-30T01:40:00Z","2024-03-29",NA,NA,FALSE,1,TRUE,"N","P","N","14-745682-2024-03-29","2024","night",NA,9,FALSE,120,4,2,"Regular Season","S","N","Normal Game","Final","F","Final","F",FALSE,"F",6,TRUE,FALSE,1,2,0,"1.000",114,"Cleveland Guardians","/api/v1/teams/114",4,FALSE,FALSE,1,0,2,".000",133,"Oakland Athletics","/api/v1/teams/133",10,"Oakland Coliseum","/api/v1/venues/10","/api/v1/game/745682/content",NA,NA,NA
745276,"f7ad23a5-3661-4384-8738-42314a7bf3b1","/api/v1.1/game/745276/feed/live","R","2024","2024-03-30T01:40:00Z","2024-03-29",NA,NA,FALSE,1,TRUE,"N","P","N","14-745276-2024-03-29","2024","night",NA,9,FALSE,120,4,2,"Regular Season","S","N","Normal Game","Final","F","Final","F",FALSE,"F",0,FALSE,FALSE,1,1,1,".500",111,"Boston Red Sox","/api/v1/teams/111",1,TRUE,FALSE,1,1,1,".500",136,"Seattle Mariners","/api/v1/teams/136",680,"T-Mobile Park","/api/v1/venues/680","/api/v1/game/745276/content",NA,NA,NA
745435,"02de175d-d9d6-401e-84b3-568618d626a3","/api/v1.1/game/745435/feed/live","R","2024","2024-03-30T01:40:00Z","2024-03-29",NA,NA,FALSE,1,TRUE,"N","P","N","14-745435-2024-03-29","2024","night",NA,9,FALSE,120,4,2,"Regular Season","S","N","Normal Game","Final","F","Final","F",FALSE,"F",8,TRUE,FALSE,1,1,1,".500",137,"San Francisco Giants","/api/v1/teams/137",3,FALSE,FALSE,2,2,2,".500",135,"San Diego Padres","/api/v1/teams/135",2680,"Petco Park","/api/v1/venues/2680","/api/v1/game/745435/content",NA,NA,NA
746167,"44b312c4-a94a-4500-91e9-9711f7b81446","/api/v1.1/game/746167/feed/live","R","2024","2024-03-30T02:10:00Z","2024-03-29",NA,NA,FALSE,1,TRUE,"N","P","N","14-746167-2024-03-29","2024","night",NA,9,FALSE,145,4,2,"Regular Season","S","N","Normal Game","Final","F","Final","F",FALSE,"F",3,FALSE,FALSE,1,0,2,".000",138,"St. Louis Cardinals","/api/v1/teams/138",6,TRUE,FALSE,2,3,1,".750",119,"Los Angeles Dodgers","/api/v1/teams/119",22,"Dodger Stadium","/api/v1/venues/22","/api/v1/game/746167/content",NA,NA,NA
745850,"777476c6-9532-4343-a1f8-3f2322778878","/api/v1.1/game/745850/feed/live","R","2024","2024-03-30T17:40:00Z","2024-03-30",NA,NA,FALSE,1,TRUE,"N","P","N","14-745850-2024-03-30","2024","day",NA,9,FALSE,120,3,2,"Regular Season","S","N","Normal Game","Final","F","Final","F",FALSE,"F",7,TRUE,FALSE,1,2,0,"1.000",158,"Milwaukee Brewers","/api/v1/teams/158",6,FALSE,FALSE,1,0,2,".000",121,"New York Mets","/api/v1/teams/121",3289,"Citi Field","/api/v1/venues/3289","/api/v1/game/745850/content",NA,NA,NA
746818,"5a38f135-0e99-4bc7-b080-67fbd2d8063e","/api/v1.1/game/746818/feed/live","R","2024","2024-03-30T18:10:00Z","2024-03-30",NA,NA,FALSE,1,TRUE,"N","P","N","14-746818-2024-03-30","2024","day",NA,9,FALSE,120,3,2,"Regular Season","S","N","Normal Game","Final","F","Final","F",FALSE,"F",7,TRUE,FALSE,1,2,0,"1.000",116,"Detroit Tigers","/api/v1/teams/116",6,FALSE,FALSE,1,0,2,".000",145,"Chicago White Sox","/api/v1/teams/145",4,"Guaranteed Rate Field","/api/v1/venues/4","/api/v1/game/746818/content",NA,NA,NA
747063,"c25da14d-cc4b-4a3f-8ec3-351640d811f1","/api/v1.1/game/747063/feed/live","R","2024","2024-03-30T20:05:00Z","2024-03-30",NA,NA,FALSE,1,TRUE,"N","P","N","14-747063-2024-03-30","2024","day",NA,9,FALSE,120,3,2,"Regular Season","S","N","Normal Game","Final","F","Final","F",FALSE,"F",4,FALSE,FALSE,1,0,2,".000",108,"Los Angeles Angels","/api/v1/teams/108",13,TRUE,FALSE,1,2,0,"1.000",110,"Baltimore Orioles","/api/v1/teams/110",2,"Oriole Park at Camden Yards","/api/v1/venues/2","/api/v1/game/747063/content",NA,NA,NA
745599,"5560734f-8d89-4d4a-975b-18f47ac28530","/api/v1.1/game/745599/feed/live","R","2024","2024-03-30T20:05:00Z","2024-03-30",NA,NA,FALSE,1,TRUE,"N","P","N","14-745599-2024-03-30","2024","day",NA,9,FALSE,120,3,2,"Regular Season","S","N","Normal Game","Final","F","Final","F",FALSE,"F",12,TRUE,FALSE,1,2,0,"1.000",144,"Atlanta Braves","/api/v1/teams/144",4,FALSE,FALSE,1,0,2,".000",143,"Philadelphia Phillies","/api/v1/teams/143",2681,"Citizens Bank Park","/api/v1/venues/2681","/api/v1/game/745599/content",NA,NA,NA
745684,"085ebc70-ff9d-470a-8e37-1122ddeab02d","/api/v1.1/game/745684/feed/live","R","2024","2024-03-30T20:07:00Z","2024-03-30",NA,NA,FALSE,1,TRUE,"N","P","N","14-745684-2024-03-30","2024","day",NA,9,FALSE,120,4,3,"Regular Season","S","N","Normal Game","Final","F","Final","F",FALSE,"F",12,TRUE,FALSE,1,3,0,"1.000",114,"Cleveland Guardians","/api/v1/teams/114",3,FALSE,FALSE,1,0,3,".000",133,"Oakland Athletics","/api/v1/teams/133",10,"Oakland Coliseum","/api/v1/venues/10","/api/v1/game/745684/content",NA,NA,NA
746736,"574b02f6-84e0-48ca-aff4-5d7e43f253ec","/api/v1.1/game/746736/feed/live","R","2024","2024-03-30T20:10:00Z","2024-03-30",NA,NA,FALSE,1,TRUE,"N","P","N","14-746736-2024-03-30","2024","day",NA,9,FALSE,120,3,2,"Regular Season","S","N","Normal Game","Final","F","Final","F",FALSE,"F",7,TRUE,FALSE,1,1,1,".500",120,"Washington Nationals","/api/v1/teams/120",6,FALSE,FALSE,1,1,1,".500",113,"Cincinnati Reds","/api/v1/teams/113",2602,"Great American Ball Park","/api/v1/venues/2602","/api/v1/game/746736/content",NA,NA,NA
745119,"c56079f2-b288-4f66-8af5-de74f346f1c0","/api/v1.1/game/745119/feed/live","R","2024","2024-03-30T20:10:00Z","2024-03-30",NA,NA,FALSE,1,TRUE,"N","P","N","14-745119-2024-03-30","2024","day",NA,9,FALSE,120,4,3,"Regular Season","S","N","Normal Game","Final","F","Final","F",FALSE,"F",1,FALSE,FALSE,1,1,2,".333",141,"Toronto Blue Jays","/api/v1/teams/141",5,TRUE,FALSE,1,2,1,".667",139,"Tampa Bay Rays","/api/v1/teams/139",12,"Tropicana Field","/api/v1/venues/12","/api/v1/game/745119/content",NA,NA,NA
746333,"f1ed8974-1de0-451a-b4ee-1f62865cf510","/api/v1.1/game/746333/feed/live","R","2024","2024-03-30T20:10:00Z","2024-03-30",NA,NA,FALSE,1,TRUE,"N","P","N","14-746333-2024-03-30","2024","day",NA,9,FALSE,120,3,2,"Regular Season","S","N","Normal Game","Final","F","Final","F",FALSE,"F",5,TRUE,FALSE,1,2,0,"1.000",142,"Minnesota Twins","/api/v1/teams/142",1,FALSE,FALSE,1,0,2,".000",118,"Kansas City Royals","/api/v1/teams/118",7,"Kauffman Stadium","/api/v1/venues/7","/api/v1/game/746333/content",NA,NA,NA
746087,"b8dff41f-51b5-410b-a95c-4a5c95b34a04","/api/v1.1/game/746087/feed/live","R","2024","2024-03-30T20:10:00Z","2024-03-30",NA,NA,FALSE,1,TRUE,"N","P","N","14-746087-2024-03-30","2024","day",NA,9,FALSE,120,4,3,"Regular Season","S","N","Normal Game","Final","F","Final","F",FALSE,"F",9,TRUE,FALSE,1,3,0,"1.000",134,"Pittsburgh Pirates","/api/v1/teams/134",3,FALSE,FALSE,1,0,3,".000",146,"Miami Marlins","/api/v1/teams/146",4169,"loanDepot park","/api/v1/venues/4169","/api/v1/game/746087/content",NA,NA,NA
745037,"518077bc-fc9c-456c-a4f6-386e6f0b679a","/api/v1.1/game/745037/feed/live","R","2024","2024-03-30T23:05:00Z","2024-03-30",NA,NA,FALSE,1,TRUE,"N","P","N","14-745037-2024-03-30","2024","night",NA,9,FALSE,120,3,2,"Regular Season","S","N","Normal Game","Final","F","Final","F",FALSE,"F",2,FALSE,FALSE,1,0,2,".000",112,"Chicago Cubs","/api/v1/teams/112",11,TRUE,FALSE,1,2,0,"1.000",140,"Texas Rangers","/api/v1/teams/140",5325,"Globe Life Field","/api/v1/venues/5325","/api/v1/game/745037/content",NA,NA,NA
745436,"ed6912d1-777f-41fd-9858-d1f76fde6300","/api/v1.1/game/745436/feed/live","R","2024","2024-03-30T23:15:00Z","2024-03-30",NA,NA,FALSE,1,TRUE,"N","P","N","14-745436-2024-03-30","2024","day",NA,9,FALSE,145,4,3,"Regular Season","S","N","Normal Game","Final","F","Final","F",FALSE,"F",9,TRUE,FALSE,1,2,1,".667",137,"San Francisco Giants","/api/v1/teams/137",6,FALSE,FALSE,2,2,3,".400",135,"San Diego Padres","/api/v1/teams/135",2680,"Petco Park","/api/v1/venues/2680","/api/v1/game/745436/content",NA,NA,NA
746410,"777fb0f5-ddc7-461f-9107-517c8873ecc4","/api/v1.1/game/746410/feed/live","R","2024","2024-03-30T23:15:00Z","2024-03-30",NA,NA,FALSE,1,TRUE,"N","P","N","14-746410-2024-03-30","2024","night",NA,9,FALSE,145,4,3,"Regular Season","S","N","Normal Game","Final","F","Final","F",FALSE,"F",5,TRUE,FALSE,1,3,0,"1.000",147,"New York Yankees","/api/v1/teams/147",3,FALSE,FALSE,1,0,3,".000",117,"Houston Astros","/api/v1/teams/117",2392,"Minute Maid Park","/api/v1/venues/2392","/api/v1/game/746410/content",NA,NA,NA
747221,"3bc6bd23-817c-4d68-9431-2d541987ed30","/api/v1.1/game/747221/feed/live","R","2024","2024-03-31T00:10:00Z","2024-03-30",NA,NA,FALSE,1,TRUE,"N","P","N","14-747221-2024-03-30","2024","night",NA,9,FALSE,120,4,3,"Regular Season","S","N","Normal Game","Final","F","Final","F",FALSE,"F",9,TRUE,FALSE,1,1,2,".333",115,"Colorado Rockies","/api/v1/teams/115",4,FALSE,FALSE,1,2,1,".667",109,"Arizona Diamondbacks","/api/v1/teams/109",15,"Chase Field","/api/v1/venues/15","/api/v1/game/747221/content",NA,NA,NA
746168,"37643f48-59d7-44b0-9cd6-b9f00593f1ed","/api/v1.1/game/746168/feed/live","R","2024","2024-03-31T01:10:00Z","2024-03-30",NA,NA,FALSE,1,TRUE,"N","P","N","14-746168-2024-03-30","2024","night",NA,9,FALSE,120,4,3,"Regular Season","S","N","Normal Game","Final","F","Final","F",FALSE,"F",6,TRUE,FALSE,1,1,2,".333",138,"St. Louis Cardinals","/api/v1/teams/138",5,FALSE,FALSE,2,3,2,".600",119,"Los Angeles Dodgers","/api/v1/teams/119",22,"Dodger Stadium","/api/v1/venues/22","/api/v1/game/746168/content",NA,NA,NA
745278,"730ead42-e2c7-4165-a663-c1ea86bf6c25","/api/v1.1/game/745278/feed/live","R","2024","2024-03-31T01:40:00Z","2024-03-30",NA,NA,FALSE,1,TRUE,"N","P","N","14-745278-2024-03-30","2024","night",NA,9,FALSE,120,4,3,"Regular Season","S","N","Normal Game","Final","F","Final","F",FALSE,"F",3,FALSE,FALSE,1,1,2,".333",111,"Boston Red Sox","/api/v1/teams/111",4,TRUE,FALSE,1,2,1,".667",136,"Seattle Mariners","/api/v1/teams/136",680,"T-Mobile Park","/api/v1/venues/680","/api/v1/game/745278/content",NA,NA,NA
747062,"44c7ec51-70da-41cb-b645-76932b2ccff7","/api/v1.1/game/747062/feed/live","R","2024","2024-03-31T17:35:00Z","2024-03-31",NA,NA,FALSE,1,TRUE,"N","P","N","14-747062-2024-03-31","2024","day",NA,9,FALSE,120,3,3,"Regular Season","S","N","Normal Game","Final","F","Final","F",FALSE,"F",4,TRUE,FALSE,1,1,2,".333",108,"Los Angeles Angels","/api/v1/teams/108",1,FALSE,FALSE,1,2,1,".667",110,"Baltimore Orioles","/api/v1/teams/110",2,"Oriole Park at Camden Yards","/api/v1/venues/2","/api/v1/game/747062/content",NA,NA,NA
745602,"f1538264-6fd3-4046-ae28-483b12e7ee94","/api/v1.1/game/745602/feed/live","R","2024","2024-03-31T17:35:00Z","2024-03-31",NA,NA,FALSE,1,TRUE,"N","P","N","14-745602-2024-03-31","2024","day",NA,9,FALSE,120,3,3,"Regular Season","S","N","Normal Game","Final","F","Final","F",FALSE,"F",4,FALSE,FALSE,1,2,1,".667",144,"Atlanta Braves","/api/v1/teams/144",5,TRUE,FALSE,1,1,2,".333",143,"Philadelphia Phillies","/api/v1/teams/143",2681,"Citizens Bank Park","/api/v1/venues/2681","/api/v1/game/745602/content",NA,NA,NA
746739,"8f6b49c2-d1f8-452d-9736-00a5ac430d1e","/api/v1.1/game/746739/feed/live","R","2024","2024-03-31T17:40:00Z","2024-03-31",NA,NA,FALSE,1,TRUE,"N","P","N","14-746739-2024-03-31","2024","day",NA,9,FALSE,120,3,3,"Regular Season","S","N","Normal Game","Final","F","Final","F",FALSE,"F",5,FALSE,FALSE,1,1,2,".333",120,"Washington Nationals","/api/v1/teams/120",6,TRUE,FALSE,1,2,1,".667",113,"Cincinnati Reds","/api/v1/teams/113",2602,"Great American Ball Park","/api/v1/venues/2602","/api/v1/game/746739/content",NA,NA,NA
745115,"53fdb88d-dfd9-4035-8642-5e607d861a72","/api/v1.1/game/745115/feed/live","R","2024","2024-03-31T17:40:00Z","2024-03-31",NA,NA,FALSE,1,TRUE,"N","P","N","14-745115-2024-03-31","2024","day",NA,9,FALSE,120,4,4,"Regular Season","S","N","Normal Game","Final","F","Final","F",FALSE,"F",9,TRUE,FALSE,1,2,2,".500",141,"Toronto Blue Jays","/api/v1/teams/141",2,FALSE,FALSE,1,2,2,".500",139,"Tampa Bay Rays","/api/v1/teams/139",12,"Tropicana Field","/api/v1/venues/12","/api/v1/game/745115/content",NA,NA,NA
746090,"ce99aada-2520-47de-833a-bb970b0f8aff","/api/v1.1/game/746090/feed/live","R","2024","2024-03-31T17:40:00Z","2024-03-31",NA,NA,FALSE,1,TRUE,"N","P","N","14-746090-2024-03-31","2024","day",NA,9,FALSE,120,4,4,"Regular Season","S","N","Normal Game","Final","F","Final","F",FALSE,"F",9,TRUE,FALSE,1,4,0,"1.000",134,"Pittsburgh Pirates","/api/v1/teams/134",7,FALSE,FALSE,1,0,4,".000",146,"Miami Marlins","/api/v1/teams/146",4169,"loanDepot park","/api/v1/venues/4169","/api/v1/game/746090/content",NA,NA,NA
745845,"b8be27ab-2020-4d63-ad71-0d38b1e2444f","/api/v1.1/game/745845/feed/live","R","2024","2024-03-31T17:40:00Z","2024-03-31",NA,NA,FALSE,1,TRUE,"N","P","N","14-745845-2024-03-31","2024","day",NA,9,FALSE,120,3,3,"Regular Season","S","N","Normal Game","Final","F","Final","F",FALSE,"F",4,TRUE,FALSE,1,3,0,"1.000",158,"Milwaukee Brewers","/api/v1/teams/158",1,FALSE,FALSE,1,0,3,".000",121,"New York Mets","/api/v1/teams/121",3289,"Citi Field","/api/v1/venues/3289","/api/v1/game/745845/content",NA,NA,NA
746332,"b0707dc3-811a-483a-bdae-1cc09bcc2dd0","/api/v1.1/game/746332/feed/live","R","2024","2024-03-31T18:10:00Z","2024-03-31",NA,NA,FALSE,1,TRUE,"N","P","N","14-746332-2024-03-31","2024","day",NA,9,FALSE,120,3,3,"Regular Season","S","N","Normal Game","Final","F","Final","F",FALSE,"F",0,FALSE,FALSE,1,2,1,".667",142,"Minnesota Twins","/api/v1/teams/142",11,TRUE,FALSE,1,1,2,".333",118,"Kansas City Royals","/api/v1/teams/118",7,"Kauffman Stadium","/api/v1/venues/7","/api/v1/game/746332/content",NA,NA,NA
746815,"d2954af7-00b2-4608-9d04-c49ffaf1476b","/api/v1.1/game/746815/feed/live","R","2024","2024-03-31T18:10:00Z","2024-03-31",NA,NA,FALSE,1,TRUE,"N","P","N","14-746815-2024-03-31","2024","day",NA,9,FALSE,120,3,3,"Regular Season","S","N","Normal Game","Final","F","Final","F",FALSE,"F",3,TRUE,FALSE,1,3,0,"1.000",116,"Detroit Tigers","/api/v1/teams/116",2,FALSE,FALSE,1,0,3,".000",145,"Chicago White Sox","/api/v1/teams/145",4,"Guaranteed Rate Field","/api/v1/venues/4","/api/v1/game/746815/content",NA,NA,NA
746413,"852ab8f5-a705-4286-8ae1-ef05f4826d72","/api/v1.1/game/746413/feed/live","R","2024","2024-03-31T18:10:00Z","2024-03-31",NA,NA,FALSE,1,TRUE,"N","P","N","14-746413-2024-03-31","2024","day",NA,9,FALSE,120,4,4,"Regular Season","S","N","Normal Game","Final","F","Final","F",FALSE,"F",4,TRUE,FALSE,1,4,0,"1.000",147,"New York Yankees","/api/v1/teams/147",3,FALSE,FALSE,1,0,4,".000",117,"Houston Astros","/api/v1/teams/117",2392,"Minute Maid Park","/api/v1/venues/2392","/api/v1/game/746413/content",NA,NA,NA
745035,"73f8675a-8923-4c50-b9de-c09315b22390","/api/v1.1/game/745035/feed/live","R","2024","2024-03-31T18:35:00Z","2024-03-31",NA,NA,FALSE,1,TRUE,"N","P","N","14-745035-2024-03-31","2024","day",NA,9,FALSE,120,3,3,"Regular Season","S","N","Normal Game","Final","F","Final","F",FALSE,"F",9,TRUE,FALSE,1,1,2,".333",112,"Chicago Cubs","/api/v1/teams/112",5,FALSE,FALSE,1,2,1,".667",140,"Texas Rangers","/api/v1/teams/140",5325,"Globe Life Field","/api/v1/venues/5325","/api/v1/game/745035/content",NA,NA,NA
745683,"9f9f0c56-4a61-47b5-b29b-74164838c8e3","/api/v1.1/game/745683/feed/live","R","2024","2024-03-31T20:07:00Z","2024-03-31",NA,NA,FALSE,1,TRUE,"N","P","N","14-745683-2024-03-31","2024","day",NA,9,FALSE,120,4,4,"Regular Season","S","N","Normal Game","Final","F","Final","F",FALSE,"F",3,FALSE,FALSE,1,3,1,".750",114,"Cleveland Guardians","/api/v1/teams/114",4,TRUE,FALSE,1,1,3,".250",133,"Oakland Athletics","/api/v1/teams/133",10,"Oakland Coliseum","/api/v1/venues/10","/api/v1/game/745683/content",NA,NA,NA
747222,"5666c3fa-ff78-4f2b-84e5-590ad459ae1f","/api/v1.1/game/747222/feed/live","R","2024","2024-03-31T20:10:00Z","2024-03-31",NA,NA,FALSE,1,TRUE,"N","P","N","14-747222-2024-03-31","2024","day",NA,9,FALSE,120,4,4,"Regular Season","S","N","Normal Game","Final","F","Final","F",FALSE,"F",1,FALSE,FALSE,1,1,3,".250",115,"Colorado Rockies","/api/v1/teams/115",5,TRUE,FALSE,1,3,1,".750",109,"Arizona Diamondbacks","/api/v1/teams/109",15,"Chase Field","/api/v1/venues/15","/api/v1/game/747222/content",NA,NA,NA
745279,"299f7b41-af5b-4a80-be7b-09d2e75a821d","/api/v1.1/game/745279/feed/live","R","2024","2024-03-31T20:10:00Z","2024-03-31",NA,NA,FALSE,1,TRUE,"N","P","N","14-745279-2024-03-31","2024","day",NA,9,FALSE,120,4,4,"Regular Season","S","N","Normal Game","Final","F","Final","F",FALSE,"F",5,TRUE,FALSE,1,2,2,".500",111,"Boston Red Sox","/api/v1/teams/111",1,FALSE,FALSE,1,2,2,".500",136,"Seattle Mariners","/api/v1/teams/136",680,"T-Mobile Park","/api/v1/venues/680","/api/v1/game/745279/content",NA,NA,NA
745438,"042e99c6-5de6-48ef-99b7-64279d896cb4","/api/v1.1/game/745438/feed/live","R","2024","2024-03-31T20:10:00Z","2024-03-31",NA,NA,FALSE,1,TRUE,"N","P","N","14-745438-2024-03-31","2024","day",NA,9,FALSE,120,4,4,"Regular Season","S","N","Normal Game","Final","F","Final","F",FALSE,"F",4,FALSE,FALSE,1,2,2,".500",137,"San Francisco Giants","/api/v1/teams/137",13,TRUE,FALSE,2,3,3,".500",135,"San Diego Padres","/api/v1/teams/135",2680,"Petco Park","/api/v1/venues/2680","/api/v1/game/745438/content",NA,NA,NA
746166,"08fb87de-f72c-4c4a-9d97-ab549554b67e","/api/v1.1/game/746166/feed/live","R","2024","2024-03-31T23:10:00Z","2024-03-31",NA,NA,FALSE,1,TRUE,"N","P","N","14-746166-2024-03-31","2024","day",NA,9,FALSE,145,4,4,"Regular Season","S","N","Normal Game","Final","F","Final","F",FALSE,"F",4,FALSE,FALSE,1,1,3,".250",138,"St. Louis Cardinals","/api/v1/teams/138",5,TRUE,FALSE,2,4,2,".667",119,"Los Angeles Dodgers","/api/v1/teams/119",22,"Dodger Stadium","/api/v1/venues/22","/api/v1/game/746166/content",NA,NA,NA
746817,"414cf698-76f8-4572-80fd-085f7d5e4b9f","/api/v1.1/game/746817/feed/live","R","2024","2024-04-01T18:10:00Z","2024-04-01",NA,NA,FALSE,1,TRUE,"N","P","N","14-746817-2024-04-01","2024","day",NA,9,FALSE,120,2,1,"Regular Season","S","N","Normal Game","Final","F","Completed Early","FR",FALSE,"F",9,TRUE,FALSE,2,3,1,".750",144,"Atlanta Braves","/api/v1/teams/144",0,FALSE,FALSE,2,0,4,".000",145,"Chicago White Sox","/api/v1/teams/145",4,"Guaranteed Rate Field","/api/v1/venues/4","/api/v1/game/746817/content","Rain",NA,NA
746899,"aa266126-6f19-4b79-997b-b1da3188cbf9","/api/v1.1/game/746899/feed/live","R","2024","2024-04-01T18:20:00Z","2024-04-01",NA,NA,FALSE,1,TRUE,"N","P","N","14-746899-2024-04-01","2024","day","Cubs home opener",9,FALSE,120,3,1,"Regular Season","S","N","Normal Game","Final","F","Final","F",FALSE,"F",0,FALSE,FALSE,2,1,4,".200",115,"Colorado Rockies","/api/v1/teams/115",5,TRUE,FALSE,2,2,2,".500",112,"Chicago Cubs","/api/v1/teams/112",17,"Wrigley Field","/api/v1/venues/17","/api/v1/game/746899/content",NA,NA,NA
744875,"7b475a95-825a-4c01-b645-6bc24505636d","/api/v1.1/game/744875/feed/live","R","2024","2024-04-01T20:05:00Z","2024-04-01",NA,NA,FALSE,1,TRUE,"N","P","N","14-744875-2024-04-01","2024","day","Nationals home opener",9,FALSE,120,3,1,"Regular Season","S","N","Normal Game","Final","F","Final","F",FALSE,"F",8,TRUE,FALSE,2,5,0,"1.000",134,"Pittsburgh Pirates","/api/v1/teams/134",4,FALSE,FALSE,2,1,3,".250",120,"Washington Nationals","/api/v1/teams/120",3309,"Nationals Park","/api/v1/venues/3309","/api/v1/game/744875/content",NA,NA,NA
747058,"bfbbb7db-99d0-4485-bfc9-00f48fd332cd","/api/v1.1/game/747058/feed/live","R","2024","2024-04-01T22:35:00Z","2024-04-01",NA,NA,FALSE,1,TRUE,"N","P","N","14-747058-2024-04-01","2024","night",NA,9,FALSE,120,3,1,"Regular Season","S","N","Normal Game","Final","F","Final","F",FALSE,"F",4,FALSE,FALSE,2,1,3,".250",118,"Kansas City Royals","/api/v1/teams/118",6,TRUE,FALSE,2,3,1,".750",110,"Baltimore Orioles","/api/v1/teams/110",2,"Oriole Park at Camden Yards","/api/v1/venues/2","/api/v1/game/747058/content",NA,NA,NA
745600,"ab748874-f673-4fbe-8481-16513ff88ed1","/api/v1.1/game/745600/feed/live","R","2024","2024-04-01T22:40:00Z","2024-04-01",NA,NA,FALSE,1,TRUE,"N","P","N","14-745600-2024-04-01","2024","night",NA,9,FALSE,120,3,1,"Regular Season","S","N","Normal Game","Final","F","Final","F",FALSE,"F",6,TRUE,FALSE,2,3,1,".750",113,"Cincinnati Reds","/api/v1/teams/113",3,FALSE,FALSE,2,1,3,".250",143,"Philadelphia Phillies","/api/v1/teams/143",2681,"Citizens Bank Park","/api/v1/venues/2681","/api/v1/game/745600/content",NA,NA,NA
746085,"eb238999-d932-4de5-b159-022c04b1912b","/api/v1.1/game/746085/feed/live","R","2024","2024-04-01T22:40:00Z","2024-04-01",NA,NA,FALSE,1,TRUE,"N","P","N","14-746085-2024-04-01","2024","night",NA,9,FALSE,120,3,1,"Regular Season","S","N","Normal Game","Final","F","Final","F",FALSE,"F",7,TRUE,FALSE,2,2,2,".500",108,"Los Angeles Angels","/api/v1/teams/108",4,FALSE,FALSE,2,0,5,".000",146,"Miami Marlins","/api/v1/teams/146",4169,"loanDepot park","/api/v1/venues/4169","/api/v1/game/746085/content",NA,NA,NA
745109,"9b039615-106e-46a4-aed2-23b2bf9d942b","/api/v1.1/game/745109/feed/live","R","2024","2024-04-01T22:50:00Z","2024-04-01",NA,NA,FALSE,1,TRUE,"N","P","N","14-745109-2024-04-01","2024","night",NA,9,FALSE,120,3,1,"Regular Season","S","N","Normal Game","Final","F","Final","F",FALSE,"F",9,TRUE,FALSE,2,3,1,".750",140,"Texas Rangers","/api/v1/teams/140",3,FALSE,FALSE,2,2,3,".400",139,"Tampa Bay Rays","/api/v1/teams/139",12,"Tropicana Field","/api/v1/venues/12","/api/v1/game/745109/content",NA,NA,NA
745842,"7e0899c9-d1f2-4ed7-9cbb-e6bc63d71285","/api/v1.1/game/745842/feed/live","R","2024","2024-04-01T23:10:00Z","2024-04-01",NA,NA,FALSE,1,TRUE,"N","P","N","14-745842-2024-04-01","2024","night",NA,9,FALSE,120,3,1,"Regular Season","S","N","Normal Game","Final","F","Final","F",FALSE,"F",5,TRUE,FALSE,2,4,0,"1.000",116,"Detroit Tigers","/api/v1/teams/116",0,FALSE,FALSE,2,0,4,".000",121,"New York Mets","/api/v1/teams/121",3289,"Citi Field","/api/v1/venues/3289","/api/v1/game/745842/content",NA,NA,NA
746409,"26b71a05-aa22-452e-877a-5dd3f031798a","/api/v1.1/game/746409/feed/live","R","2024","2024-04-02T00:10:00Z","2024-04-01",NA,NA,FALSE,1,TRUE,"N","P","N","14-746409-2024-04-01","2024","night",NA,9,FALSE,120,3,1,"Regular Season","S","N","Normal Game","Final","F","Final","F",FALSE,"F",0,FALSE,FALSE,2,2,3,".400",141,"Toronto Blue Jays","/api/v1/teams/141",10,TRUE,FALSE,2,1,4,".200",117,"Houston Astros","/api/v1/teams/117",2392,"Minute Maid Park","/api/v1/venues/2392","/api/v1/game/746409/content",NA,NA,NA
745675,"0cc3f844-8018-47a8-9a4b-1df6ee888e2a","/api/v1.1/game/745675/feed/live","R","2024","2024-04-02T01:40:00Z","2024-04-01",NA,NA,FALSE,1,TRUE,"N","P","N","14-745675-2024-04-01","2024","night",NA,9,FALSE,120,3,1,"Regular Season","S","N","Normal Game","Final","F","Final","F",FALSE,"F",9,TRUE,FALSE,2,3,2,".600",111,"Boston Red Sox","/api/v1/teams/111",0,FALSE,FALSE,2,1,4,".200",133,"Oakland Athletics","/api/v1/teams/133",10,"Oakland Coliseum","/api/v1/venues/10","/api/v1/game/745675/content",NA,NA,NA
745277,"e9ffce84-18f5-4cca-9a02-22aa324e392e","/api/v1.1/game/745277/feed/live","R","2024","2024-04-02T01:40:00Z","2024-04-01",NA,NA,FALSE,1,TRUE,"N","P","N","14-745277-2024-04-01","2024","night",NA,9,FALSE,120,3,1,"Regular Season","S","N","Normal Game","Final","F","Final","F",FALSE,"F",4,FALSE,FALSE,2,3,2,".600",114,"Cleveland Guardians","/api/v1/teams/114",5,TRUE,FALSE,2,3,2,".600",136,"Seattle Mariners","/api/v1/teams/136",680,"T-Mobile Park","/api/v1/venues/680","/api/v1/game/745277/content",NA,NA,NA
745437,"b5572258-c6b0-499f-948d-b072284587fb","/api/v1.1/game/745437/feed/live","R","2024","2024-04-02T01:40:00Z","2024-04-01",NA,NA,FALSE,1,TRUE,"N","P","N","14-745437-2024-04-01","2024","night",NA,9,FALSE,120,3,1,"Regular Season","S","N","Normal Game","Final","F","Final","F",FALSE,"F",6,TRUE,FALSE,2,2,3,".400",138,"St. Louis Cardinals","/api/v1/teams/138",2,FALSE,FALSE,3,3,4,".429",135,"San Diego Padres","/api/v1/teams/135",2680,"Petco Park","/api/v1/venues/2680","/api/v1/game/745437/content",NA,NA,NA
747218,"e1c70e9d-3bbb-4757-8eda-c2bf7d0339cf","/api/v1.1/game/747218/feed/live","R","2024","2024-04-02T01:40:00Z","2024-04-01",NA,NA,FALSE,1,TRUE,"N","P","N","14-747218-2024-04-01","2024","night",NA,9,FALSE,120,3,1,"Regular Season","S","N","Normal Game","Final","F","Final","F",FALSE,"F",5,TRUE,FALSE,2,5,0,"1.000",147,"New York Yankees","/api/v1/teams/147",2,FALSE,FALSE,2,3,2,".600",109,"Arizona Diamondbacks","/api/v1/teams/109",15,"Chase Field","/api/v1/venues/15","/api/v1/game/747218/content",NA,NA,NA
746170,"9f6f6d33-e5a2-43e4-bc5f-9121488891a9","/api/v1.1/game/746170/feed/live","R","2024","2024-04-02T02:10:00Z","2024-04-01",NA,NA,FALSE,1,TRUE,"N","P","N","14-746170-2024-04-01","2024","night",NA,9,FALSE,120,3,1,"Regular Season","S","N","Normal Game","Final","F","Final","F",FALSE,"F",3,FALSE,FALSE,2,2,3,".400",137,"San Francisco Giants","/api/v1/teams/137",8,TRUE,FALSE,3,5,2,".714",119,"Los Angeles Dodgers","/api/v1/teams/119",22,"Dodger Stadium","/api/v1/venues/22","/api/v1/game/746170/content",NA,NA,NA
746009,"96dee04f-66a4-4785-aed3-1e0e91737fd4","/api/v1.1/game/746009/feed/live","R","2024","2024-04-02T20:10:00Z","2024-04-02",NA,NA,FALSE,1,TRUE,"N","P","N","14-746009-2024-04-02","2024","day","Brewers home opener",9,FALSE,120,2,1,"Regular Season","S","N","Normal Game","Final","F","Final","F",FALSE,"F",2,FALSE,FALSE,2,2,2,".500",142,"Minnesota Twins","/api/v1/teams/142",3,TRUE,FALSE,2,4,0,"1.000",158,"Milwaukee Brewers","/api/v1/teams/158",32,"American Family Field","/api/v1/venues/32","/api/v1/game/746009/content",NA,NA,NA
747057,"1c8388b0-9694-4479-a553-008a90f4c684","/api/v1.1/game/747057/feed/live","R","2024","2024-04-02T22:35:00Z","2024-04-02",NA,NA,FALSE,1,TRUE,"N","P","N","14-747057-2024-04-02","2024","night",NA,9,FALSE,120,3,2,"Regular Season","S","N","Normal Game","Final","F","Final","F",FALSE,"F",4,TRUE,FALSE,2,2,3,".400",118,"Kansas City Royals","/api/v1/teams/118",1,FALSE,FALSE,2,3,2,".600",110,"Baltimore Orioles","/api/v1/teams/110",2,"Oriole Park at Camden Yards","/api/v1/venues/2","/api/v1/game/747057/content",NA,NA,NA
745598,"7a44fc0e-9c21-4bfc-a175-a6e0d220c52c","/api/v1.1/game/745598/feed/live","R","2024","2024-04-02T22:40:00Z","2024-04-02",NA,NA,FALSE,1,TRUE,"N","P","N","14-745598-2024-04-02","2024","night",NA,9,FALSE,145,3,2,"Regular Season","S","N","Normal Game","Final","F","Final","F",FALSE,"F",4,FALSE,FALSE,2,3,2,".600",113,"Cincinnati Reds","/api/v1/teams/113",9,TRUE,FALSE,2,2,3,".400",143,"Philadelphia Phillies","/api/v1/teams/143",2681,"Citizens Bank Park","/api/v1/venues/2681","/api/v1/game/745598/content",NA,NA,NA
746086,"b6243a3b-2957-4f84-b1ca-e7cda0bcf88c","/api/v1.1/game/746086/feed/live","R","2024","2024-04-02T22:40:00Z","2024-04-02",NA,NA,FALSE,1,TRUE,"N","P","N","14-746086-2024-04-02","2024","night",NA,9,FALSE,120,3,2,"Regular Season","S","N","Normal Game","Final","F","Final","F",FALSE,"F",3,TRUE,FALSE,2,3,2,".600",108,"Los Angeles Angels","/api/v1/teams/108",1,FALSE,FALSE,2,0,6,".000",146,"Miami Marlins","/api/v1/teams/146",4169,"loanDepot park","/api/v1/venues/4169","/api/v1/game/746086/content",NA,NA,NA
745111,"2ebbc623-fe82-4bb9-932c-beb340c02715","/api/v1.1/game/745111/feed/live","R","2024","2024-04-02T22:50:00Z","2024-04-02",NA,NA,FALSE,1,TRUE,"N","P","N","14-745111-2024-04-02","2024","night",NA,9,FALSE,120,3,2,"Regular Season","S","N","Normal Game","Final","F","Final","F",FALSE,"F",2,FALSE,FALSE,2,3,2,".600",140,"Texas Rangers","/api/v1/teams/140",5,TRUE,FALSE,2,3,3,".500",139,"Tampa Bay Rays","/api/v1/teams/139",12,"Tropicana Field","/api/v1/venues/12","/api/v1/game/745111/content",NA,NA,NA
746898,"22ba6aca-b958-4069-ad98-e7055ddab36f","/api/v1.1/game/746898/feed/live","R","2024","2024-04-02T23:40:00Z","2024-04-02",NA,NA,FALSE,1,TRUE,"N","P","N","14-746898-2024-04-02","2024","night",NA,9,FALSE,120,3,2,"Regular Season","S","N","Normal Game","Final","F","Final","F",FALSE,"F",2,FALSE,FALSE,2,1,5,".167",115,"Colorado Rockies","/api/v1/teams/115",12,TRUE,FALSE,2,3,2,".600",112,"Chicago Cubs","/api/v1/teams/112",17,"Wrigley Field","/api/v1/venues/17","/api/v1/game/746898/content",NA,NA,NA
746814,"7d1dae8b-70fc-48ae-867e-a8e20ed8e622","/api/v1.1/game/746814/feed/live","R","2024","2024-04-02T23:40:00Z","2024-04-02",NA,NA,FALSE,1,TRUE,"N","P","N","14-746814-2024-04-02","2024","night",NA,9,FALSE,120,2,2,"Regular Season","S","N","Normal Game","Final","F","Final","F",FALSE,"F",2,FALSE,FALSE,2,3,2,".600",144,"Atlanta Braves","/api/v1/teams/144",3,TRUE,FALSE,2,1,4,".200",145,"Chicago White Sox","/api/v1/teams/145",4,"Guaranteed Rate Field","/api/v1/venues/4","/api/v1/game/746814/content",NA,NA,NA
746411,"2c66f59c-2f22-4910-8e51-034e97b5b361","/api/v1.1/game/746411/feed/live","R","2024","2024-04-03T00:10:00Z","2024-04-02",NA,NA,FALSE,1,TRUE,"N","P","N","14-746411-2024-04-02","2024","night",NA,9,FALSE,120,3,2,"Regular Season","S","N","Normal Game","Final","F","Final","F",FALSE,"F",2,TRUE,FALSE,2,3,3,".500",141,"Toronto Blue Jays","/api/v1/teams/141",1,FALSE,FALSE,2,1,5,".167",117,"Houston Astros","/api/v1/teams/117",2392,"Minute Maid Park","/api/v1/venues/2392","/api/v1/game/746411/content",NA,NA,NA
745680,"e00ed48a-4a8a-4dc9-a7c4-6e2f4f29f71f","/api/v1.1/game/745680/feed/live","R","2024","2024-04-03T01:40:00Z","2024-04-02",NA,NA,FALSE,1,TRUE,"N","P","N","14-745680-2024-04-02","2024","night",NA,9,FALSE,120,3,2,"Regular Season","S","N","Normal Game","Final","F","Final","F",FALSE,"F",5,TRUE,FALSE,2,4,2,".667",111,"Boston Red Sox","/api/v1/teams/111",4,FALSE,FALSE,2,1,5,".167",133,"Oakland Athletics","/api/v1/teams/133",10,"Oakland Coliseum","/api/v1/venues/10","/api/v1/game/745680/content",NA,NA,NA
745273,"e12e7bf8-1303-457b-8f34-671d4e7361cf","/api/v1.1/game/745273/feed/live","R","2024","2024-04-03T01:40:00Z","2024-04-02",NA,NA,FALSE,1,TRUE,"N","P","N","14-745273-2024-04-02","2024","night",NA,9,FALSE,120,3,2,"Regular Season","S","N","Normal Game","Final","F","Final","F",FALSE,"F",5,TRUE,FALSE,2,4,2,".667",114,"Cleveland Guardians","/api/v1/teams/114",2,FALSE,FALSE,2,3,3,".500",136,"Seattle Mariners","/api/v1/teams/136",680,"T-Mobile Park","/api/v1/venues/680","/api/v1/game/745273/content",NA,NA,NA
745439,"6ad139ca-2635-4248-a1f3-6c3db27d86c6","/api/v1.1/game/745439/feed/live","R","2024","2024-04-03T01:40:00Z","2024-04-02",NA,NA,FALSE,1,TRUE,"N","P","N","14-745439-2024-04-02","2024","night",NA,9,FALSE,120,3,2,"Regular Season","S","N","Normal Game","Final","F","Final","F",FALSE,"F",5,TRUE,FALSE,2,3,3,".500",138,"St. Louis Cardinals","/api/v1/teams/138",2,FALSE,FALSE,3,3,5,".375",135,"San Diego Padres","/api/v1/teams/135",2680,"Petco Park","/api/v1/venues/2680","/api/v1/game/745439/content",NA,NA,NA
747220,"5a795268-5ae1-4557-95a5-1ad508423d33","/api/v1.1/game/747220/feed/live","R","2024","2024-04-03T01:40:00Z","2024-04-02",NA,NA,FALSE,1,TRUE,"N","P","N","14-747220-2024-04-02","2024","night",NA,9,FALSE,120,3,2,"Regular Season","S","N","Normal Game","Final","F","Final","F",FALSE,"F",0,FALSE,FALSE,2,5,1,".833",147,"New York Yankees","/api/v1/teams/147",7,TRUE,FALSE,2,4,2,".667",109,"Arizona Diamondbacks","/api/v1/teams/109",15,"Chase Field","/api/v1/venues/15","/api/v1/game/747220/content",NA,NA,NA
746169,"9aa0c282-a7a7-45a2-8c93-4856f7fb19d4","/api/v1.1/game/746169/feed/live","R","2024","2024-04-03T02:10:00Z","2024-04-02",NA,NA,FALSE,1,TRUE,"N","P","N","14-746169-2024-04-02","2024","night",NA,9,FALSE,145,3,2,"Regular Season","S","N","Normal Game","Final","F","Final","F",FALSE,"F",4,FALSE,FALSE,2,2,4,".333",137,"San Francisco Giants","/api/v1/teams/137",5,TRUE,FALSE,3,6,2,".750",119,"Los Angeles Dodgers","/api/v1/teams/119",22,"Dodger Stadium","/api/v1/venues/22","/api/v1/game/746169/content",NA,NA,NA
747059,"86d50fa1-29e8-4b00-9cbe-fa91941e5ccd","/api/v1.1/game/747059/feed/live","R","2024","2024-04-03T17:05:00Z","2024-04-03",NA,NA,FALSE,1,TRUE,"N","P","N","14-747059-2024-04-03","2024","day",NA,9,FALSE,120,3,3,"Regular Season","S","N","Normal Game","Final","F","Final","F",FALSE,"F",3,FALSE,FALSE,2,2,4,".333",118,"Kansas City Royals","/api/v1/teams/118",4,TRUE,FALSE,2,4,2,".667",110,"Baltimore Orioles","/api/v1/teams/110",2,"Oriole Park at Camden Yards","/api/v1/venues/2","/api/v1/game/747059/content",NA,NA,NA
745114,"4ab4caa1-8c34-441d-b5ce-70598216c541","/api/v1.1/game/745114/feed/live","R","2024","2024-04-03T17:10:00Z","2024-04-03",NA,NA,FALSE,1,TRUE,"N","P","N","14-745114-2024-04-03","2024","day",NA,9,FALSE,120,3,3,"Regular Season","S","N","Normal Game","Final","F","Final","F",FALSE,"F",4,TRUE,FALSE,2,4,2,".667",140,"Texas Rangers","/api/v1/teams/140",1,FALSE,FALSE,2,3,4,".429",139,"Tampa Bay Rays","/api/v1/teams/139",12,"Tropicana Field","/api/v1/venues/12","/api/v1/game/745114/content",NA,NA,NA
746083,"b9d7a660-a408-45b3-9b5f-1a0277fefbf3","/api/v1.1/game/746083/feed/live","R","2024","2024-04-03T17:10:00Z","2024-04-03",NA,NA,FALSE,1,TRUE,"N","P","N","14-746083-2024-04-03","2024","day",NA,9,FALSE,120,3,3,"Regular Season","S","N","Normal Game","Final","F","Final","F",FALSE,"F",10,TRUE,FALSE,2,4,2,".667",108,"Los Angeles Angels","/api/v1/teams/108",2,FALSE,FALSE,2,0,7,".000",146,"Miami Marlins","/api/v1/teams/146",4169,"loanDepot park","/api/v1/venues/4169","/api/v1/game/746083/content",NA,NA,NA
746008,"6037e1af-f798-40d3-b8a1-578c1bc568b9","/api/v1.1/game/746008/feed/live","R","2024","2024-04-03T17:10:00Z","2024-04-03",NA,NA,FALSE,1,TRUE,"N","P","N","14-746008-2024-04-03","2024","day",NA,9,FALSE,120,2,2,"Regular Season","S","N","Normal Game","Final","F","Final","F",FALSE,"F",7,TRUE,FALSE,2,3,2,".600",142,"Minnesota Twins","/api/v1/teams/142",3,FALSE,FALSE,2,4,1,".800",158,"Milwaukee Brewers","/api/v1/teams/158",32,"American Family Field","/api/v1/venues/32","/api/v1/game/746008/content",NA,NA,NA
745678,"25fbba1d-3c8a-4f79-89ea-e2153b043973","/api/v1.1/game/745678/feed/live","R","2024","2024-04-03T19:37:00Z","2024-04-03",NA,NA,FALSE,1,TRUE,"N","P","N","14-745678-2024-04-03","2024","day",NA,9,FALSE,120,3,3,"Regular Season","S","N","Normal Game","Final","F","Final","F",FALSE,"F",1,TRUE,FALSE,2,5,2,".714",111,"Boston Red Sox","/api/v1/teams/111",0,FALSE,FALSE,2,1,6,".143",133,"Oakland Athletics","/api/v1/teams/133",10,"Oakland Coliseum","/api/v1/venues/10","/api/v1/game/745678/content",NA,NA,NA
747219,"ed876a9a-1d8a-4f9a-8a1c-bb79a9eea8e0","/api/v1.1/game/747219/feed/live","R","2024","2024-04-03T19:40:00Z","2024-04-03",NA,NA,FALSE,1,TRUE,"N","P","N","14-747219-2024-04-03","2024","day",NA,9,FALSE,120,3,3,"Regular Season","S","N","Normal Game","Final","F","Final","F",FALSE,"F",6,TRUE,FALSE,2,6,1,".857",147,"New York Yankees","/api/v1/teams/147",5,FALSE,FALSE,2,4,3,".571",109,"Arizona Diamondbacks","/api/v1/teams/109",15,"Chase Field","/api/v1/venues/15","/api/v1/game/747219/content",NA,NA,NA
745603,"e1abaa33-857b-484a-8ebc-6f7af2fd5b2f","/api/v1.1/game/745603/feed/live","R","2024","2024-04-03T20:05:00Z","2024-04-03",NA,NA,FALSE,1,TRUE,"N","P","N","14-745603-2024-04-03","2024","day","Moved from 1:05 to 4:05 due to rain forecast",9,FALSE,120,3,3,"Regular Season","S","N","Normal Game","Final","F","Final","F",FALSE,"F",4,TRUE,FALSE,2,4,2,".667",113,"Cincinnati Reds","/api/v1/teams/113",1,FALSE,FALSE,2,2,4,".333",143,"Philadelphia Phillies","/api/v1/teams/143",2681,"Citizens Bank Park","/api/v1/venues/2681","/api/v1/game/745603/content",NA,NA,NA
745275,"a3a1425a-5658-4ede-bacc-fe5ffc158ab2","/api/v1.1/game/745275/feed/live","R","2024","2024-04-03T20:10:00Z","2024-04-03",NA,NA,FALSE,1,TRUE,"N","P","N","14-745275-2024-04-03","2024","day",NA,9,FALSE,120,3,3,"Regular Season","S","N","Normal Game","Final","F","Final","F",FALSE,"F",8,TRUE,FALSE,2,5,2,".714",114,"Cleveland Guardians","/api/v1/teams/114",0,FALSE,FALSE,2,3,4,".429",136,"Seattle Mariners","/api/v1/teams/136",680,"T-Mobile Park","/api/v1/venues/680","/api/v1/game/745275/content",NA,NA,NA
745440,"28c77a4e-1289-45af-89b1-4a5210b0ce09","/api/v1.1/game/745440/feed/live","R","2024","2024-04-03T20:10:00Z","2024-04-03",NA,NA,FALSE,1,TRUE,"N","P","N","14-745440-2024-04-03","2024","day",NA,9,FALSE,120,3,3,"Regular Season","S","N","Normal Game","Final","F","Final","F",FALSE,"F",2,FALSE,FALSE,2,3,4,".429",138,"St. Louis Cardinals","/api/v1/teams/138",3,TRUE,FALSE,3,4,5,".444",135,"San Diego Padres","/api/v1/teams/135",2680,"Petco Park","/api/v1/venues/2680","/api/v1/game/745440/content",NA,NA,NA
744869,"42ddef4c-c61e-4599-a840-4e36b79b6ac2","/api/v1.1/game/744869/feed/live","R","2024","2024-04-03T22:45:00Z","2024-04-03",NA,NA,FALSE,1,TRUE,"N","P","N","14-744869-2024-04-03","2024","night",NA,9,FALSE,120,3,2,"Regular Season","S","N","Normal Game","Final","F","Final","F",FALSE,"F",3,FALSE,FALSE,2,5,1,".833",134,"Pittsburgh Pirates","/api/v1/teams/134",5,TRUE,FALSE,2,2,3,".400",120,"Washington Nationals","/api/v1/teams/120",3309,"Nationals Park","/api/v1/venues/3309","/api/v1/game/744869/content",NA,NA,NA
746900,"5505ce5e-0ea7-4d8a-8767-30d7ede890b5","/api/v1.1/game/746900/feed/live","R","2024","2024-04-03T23:40:00Z","2024-04-03",NA,NA,FALSE,1,TRUE,"N","P","N","14-746900-2024-04-03","2024","night",NA,9,FALSE,120,3,3,"Regular Season","S","N","Normal Game","Final","F","Final","F",FALSE,"F",8,FALSE,FALSE,2,1,6,".143",115,"Colorado Rockies","/api/v1/teams/115",9,TRUE,FALSE,2,4,2,".667",112,"Chicago Cubs","/api/v1/teams/112",17,"Wrigley Field","/api/v1/venues/17","/api/v1/game/746900/content",NA,NA,NA
746407,"12ae0fc9-e682-4f2f-852a-7a0f305c4462","/api/v1.1/game/746407/feed/live","R","2024","2024-04-04T00:10:00Z","2024-04-03",NA,NA,FALSE,1,TRUE,"N","P","N","14-746407-2024-04-03","2024","night",NA,9,FALSE,120,3,3,"Regular Season","S","N","Normal Game","Final","F","Final","F",FALSE,"F",0,FALSE,FALSE,2,3,4,".429",141,"Toronto Blue Jays","/api/v1/teams/141",8,TRUE,FALSE,2,2,5,".286",117,"Houston Astros","/api/v1/teams/117",2392,"Minute Maid Park","/api/v1/venues/2392","/api/v1/game/746407/content",NA,NA,NA
746163,"f3ea6d59-219a-44e0-a235-c448bc8c87b0","/api/v1.1/game/746163/feed/live","R","2024","2024-04-04T02:10:00Z","2024-04-03",NA,NA,FALSE,1,TRUE,"N","P","N","14-746163-2024-04-03","2024","night",NA,9,FALSE,145,3,3,"Regular Season","S","N","Normal Game","Final","F","Final","F",FALSE,"F",4,FALSE,FALSE,2,2,5,".286",137,"San Francisco Giants","/api/v1/teams/137",5,TRUE,FALSE,3,7,2,".778",119,"Los Angeles Dodgers","/api/v1/teams/119",22,"Dodger Stadium","/api/v1/venues/22","/api/v1/game/746163/content",NA,NA,NA
745844,"717d86bb-9d8f-40bb-8925-7c2bbb31f17d","/api/v1.1/game/745844/feed/live","R","2024","2024-04-04T16:10:00Z","2024-04-04","2024-04-02T23:10:00Z","2024-04-02",FALSE,1,TRUE,"Y","P","N","14-745844-2024-04-04","2024","day","Makeup of 4/2 PPD",9,FALSE,120,3,2,"Regular Season","S","N","Normal Game","Final","F","Final","F",FALSE,"F",6,TRUE,FALSE,2,5,0,"1.000",116,"Detroit Tigers","/api/v1/teams/116",3,FALSE,FALSE,2,0,5,".000",121,"New York Mets","/api/v1/teams/121",3289,"Citi Field","/api/v1/venues/3289","/api/v1/game/745844/content",NA,NA,NA
745843,"74a85d51-35e9-451b-9964-5a94170dcf9d","/api/v1.1/game/745843/feed/live","R","2024","2024-04-04T16:15:00Z","2024-04-04","2024-04-03T23:10:00Z","2024-04-03",FALSE,2,TRUE,"Y","P","N","14-745843-2024-04-04","2024","day","Makeup of 4/3 PPD",9,FALSE,120,3,3,"Regular Season","S","N","Normal Game","Final","F","Final","F",TRUE,"F",1,FALSE,FALSE,2,5,1,".833",116,"Detroit Tigers","/api/v1/teams/116",2,TRUE,FALSE,2,1,5,".167",121,"New York Mets","/api/v1/teams/121",3289,"Citi Field","/api/v1/venues/3289","/api/v1/game/745843/content",NA,NA,NA
744870,"cae02db8-3844-47aa-9fa9-7840641496e5","/api/v1.1/game/744870/feed/live","R","2024","2024-04-04T20:05:00Z","2024-04-04",NA,NA,FALSE,1,TRUE,"N","P","N","14-744870-2024-04-04","2024","day",NA,9,FALSE,120,3,3,"Regular Season","S","N","Normal Game","Final","F","Final","F",FALSE,"F",7,TRUE,FALSE,2,6,1,".857",134,"Pittsburgh Pirates","/api/v1/teams/134",4,FALSE,FALSE,2,2,4,".333",120,"Washington Nationals","/api/v1/teams/120",3309,"Nationals Park","/api/v1/venues/3309","/api/v1/game/744870/content",NA,NA,NA
745928,"185303f1-5ef9-40f4-83e7-72d25c9f59df","/api/v1.1/game/745928/feed/live","R","2024","2024-04-04T20:10:00Z","2024-04-04",NA,NA,FALSE,1,TRUE,"N","P","N","14-745928-2024-04-04","2024","day","Twins home opener",9,FALSE,120,2,1,"Regular Season","S","N","Normal Game","Final","F","Final","F",FALSE,"F",4,TRUE,FALSE,3,6,2,".750",114,"Cleveland Guardians","/api/v1/teams/114",2,FALSE,FALSE,3,3,3,".500",142,"Minnesota Twins","/api/v1/teams/142",3312,"Target Field","/api/v1/venues/3312","/api/v1/game/745928/content",NA,NA,NA
745200,"1329b606-76ac-4ea7-aed1-f1eb7113bf1b","/api/v1.1/game/745200/feed/live","R","2024","2024-04-04T20:15:00Z","2024-04-04",NA,NA,FALSE,1,TRUE,"N","P","N","14-745200-2024-04-04","2024","day","Cardinals home opener",9,FALSE,120,3,1,"Regular Season","S","N","Normal Game","Final","F","Final","F",FALSE,"F",5,FALSE,FALSE,3,0,8,".000",146,"Miami Marlins","/api/v1/teams/146",8,TRUE,FALSE,3,4,4,".500",138,"St. Louis Cardinals","/api/v1/teams/138",2889,"Busch Stadium","/api/v1/venues/2889","/api/v1/game/745200/content",NA,NA,NA
746327,"2d3489d9-0471-440c-8ddf-8b17f5ee8691","/api/v1.1/game/746327/feed/live","R","2024","2024-04-04T23:40:00Z","2024-04-04",NA,NA,FALSE,1,TRUE,"N","P","N","14-746327-2024-04-04","2024","night",NA,9,FALSE,120,4,1,"Regular Season","S","N","Normal Game","Final","F","Final","F",FALSE,"F",1,FALSE,FALSE,3,1,5,".167",145,"Chicago White Sox","/api/v1/teams/145",10,TRUE,FALSE,3,3,4,".429",118,"Kansas City Royals","/api/v1/teams/118",7,"Kauffman Stadium","/api/v1/venues/7","/api/v1/game/746327/content",NA,NA,NA
745764,"fd1d9a2d-0f99-4603-9920-b89b693f5c7f","/api/v1.1/game/745764/feed/live","R","2024","2024-04-05T17:05:00Z","2024-04-05",NA,NA,FALSE,1,TRUE,"N","P","N","14-745764-2024-04-05","2024","day","Yankees home opener",9,FALSE,120,3,1,"Regular Season","S","N","Normal Game","Final","F","Final","F",FALSE,"F",3,TRUE,FALSE,3,4,4,".500",141,"Toronto Blue Jays","/api/v1/teams/141",0,FALSE,FALSE,3,6,2,".750",147,"New York Yankees","/api/v1/teams/147",3313,"Yankee Stadium","/api/v1/venues/3313","/api/v1/game/745764/content",NA,NA,NA
746497,"78240f62-4de6-475d-85b5-1dc0a5ca6479","/api/v1.1/game/746497/feed/live","R","2024","2024-04-05T17:10:00Z","2024-04-05",NA,NA,FALSE,1,TRUE,"N","P","N","14-746497-2024-04-05","2024","day","Tigers home opener",9,FALSE,120,3,1,"Regular Season","S","N","Normal Game","Final","F","Final","F",FALSE,"F",4,FALSE,FALSE,3,1,7,".125",133,"Oakland Athletics","/api/v1/teams/133",5,TRUE,FALSE,3,6,1,".857",116,"Detroit Tigers","/api/v1/teams/116",2394,"Comerica Park","/api/v1/venues/2394","/api/v1/game/746497/content",NA,NA,NA
746897,"49f1d09a-5b08-4380-9878-36603564db57","/api/v1.1/game/746897/feed/live","R","2024","2024-04-05T18:20:00Z","2024-04-05",NA,NA,FALSE,1,TRUE,"N","P","N","14-746897-2024-04-05","2024","day",NA,9,FALSE,120,3,1,"Regular Season","S","N","Normal Game","Final","F","Final","F",FALSE,"F",7,FALSE,FALSE,4,7,3,".700",119,"Los Angeles Dodgers","/api/v1/teams/119",9,TRUE,FALSE,3,5,2,".714",112,"Chicago Cubs","/api/v1/teams/112",17,"Wrigley Field","/api/v1/venues/17","/api/v1/game/746897/content",NA,NA,NA
746576,"a2917d60-c4c3-48f5-b23e-9d9e9e03efa2","/api/v1.1/game/746576/feed/live","R","2024","2024-04-05T20:10:00Z","2024-04-05",NA,NA,FALSE,1,TRUE,"N","P","N","14-746576-2024-04-05","2024","day","Rockies home opener",9,FALSE,120,3,1,"Regular Season","S","N","Normal Game","Final","F","Final","F",FALSE,"F",7,FALSE,FALSE,3,3,5,".375",139,"Tampa Bay Rays","/api/v1/teams/139",10,TRUE,FALSE,3,2,6,".250",115,"Colorado Rockies","/api/v1/teams/115",19,"Coors Field","/api/v1/venues/19","/api/v1/game/746576/content",NA,NA,NA
745524,"46b30389-1f5b-4866-8183-8c0a0c6e17b9","/api/v1.1/game/745524/feed/live","R","2024","2024-04-05T20:12:00Z","2024-04-05",NA,NA,FALSE,1,TRUE,"N","P","N","14-745524-2024-04-05","2024","day","Pirates home opener",9,FALSE,120,3,1,"Regular Season","S","N","Normal Game","Final","F","Final","F",FALSE,"F",5,TRUE,FALSE,3,5,2,".714",110,"Baltimore Orioles","/api/v1/teams/110",2,FALSE,FALSE,3,6,2,".750",134,"Pittsburgh Pirates","/api/v1/teams/134",31,"PNC Park","/api/v1/venues/31","/api/v1/game/745524/content",NA,NA,NA
745361,"94a3e1e4-15eb-4872-9f92-ba28db000f36","/api/v1.1/game/745361/feed/live","R","2024","2024-04-05T20:35:00Z","2024-04-05",NA,NA,FALSE,1,TRUE,"N","P","N","14-745361-2024-04-05","2024","day","Giants home opener",9,FALSE,120,3,1,"Regular Season","S","N","Normal Game","Final","F","Final","F",FALSE,"F",2,FALSE,FALSE,4,4,6,".400",135,"San Diego Padres","/api/v1/teams/135",3,TRUE,FALSE,3,3,5,".375",137,"San Francisco Giants","/api/v1/teams/137",2395,"Oracle Park","/api/v1/venues/2395","/api/v1/game/745361/content",NA,NA,NA
746733,"70497ebb-d410-4aa8-84c4-dbdb147e32c1","/api/v1.1/game/746733/feed/live","R","2024","2024-04-05T22:40:00Z","2024-04-05",NA,NA,FALSE,1,TRUE,"N","P","N","14-746733-2024-04-05","2024","night",NA,9,FALSE,145,3,1,"Regular Season","S","N","Normal Game","Final","F","Final","F",FALSE,"F",3,TRUE,FALSE,3,2,5,".286",121,"New York Mets","/api/v1/teams/121",2,FALSE,FALSE,3,4,3,".571",113,"Cincinnati Reds","/api/v1/teams/113",2602,"Great American Ball Park","/api/v1/venues/2602","/api/v1/game/746733/content",NA,NA,NA
744874,"30587fae-916f-4378-ab82-19cc728585e8","/api/v1.1/game/744874/feed/live","R","2024","2024-04-05T22:45:00Z","2024-04-05",NA,NA,FALSE,1,TRUE,"N","P","N","14-744874-2024-04-05","2024","night",NA,9,FALSE,120,3,1,"Regular Season","S","N","Normal Game","Final","F","Final","F",FALSE,"F",4,TRUE,FALSE,3,3,4,".429",143,"Philadelphia Phillies","/api/v1/teams/143",0,FALSE,FALSE,3,2,5,".286",120,"Washington Nationals","/api/v1/teams/120",3309,"Nationals Park","/api/v1/venues/3309","/api/v1/game/744874/content",NA,NA,NA
747143,"10a29aaf-8d1f-4f06-8b89-2d46ec68bcd0","/api/v1.1/game/747143/feed/live","R","2024","2024-04-05T23:20:00Z","2024-04-05",NA,NA,FALSE,1,TRUE,"N","P","N","14-747143-2024-04-05","2024","night","Braves home opener",9,FALSE,120,3,1,"Regular Season","S","N","Normal Game","Final","F","Final","F",FALSE,"F",5,FALSE,FALSE,3,4,4,".500",109,"Arizona Diamondbacks","/api/v1/teams/109",6,TRUE,FALSE,3,4,2,".667",144,"Atlanta Braves","/api/v1/teams/144",4705,"Truist Park","/api/v1/venues/4705","/api/v1/game/747143/content",NA,NA,NA
746328,"875dad44-f76c-458f-85e8-acb32be59593","/api/v1.1/game/746328/feed/live","R","2024","2024-04-05T23:40:00Z","2024-04-05",NA,NA,FALSE,1,TRUE,"N","P","N","14-746328-2024-04-05","2024","night",NA,9,FALSE,120,4,2,"Regular Season","S","N","Normal Game","Final","F","Final","F",FALSE,"F",1,FALSE,FALSE,3,1,6,".143",145,"Chicago White Sox","/api/v1/teams/145",2,TRUE,FALSE,3,4,4,".500",118,"Kansas City Royals","/api/v1/teams/118",7,"Kauffman Stadium","/api/v1/venues/7","/api/v1/game/746328/content",NA,NA,NA
745033,"9274ac47-fc9b-4123-9ace-c820fe39a6df","/api/v1.1/game/745033/feed/live","R","2024","2024-04-06T00:05:00Z","2024-04-05",NA,NA,FALSE,1,TRUE,"N","P","N","14-745033-2024-04-05","2024","night",NA,9,FALSE,145,4,1,"Regular Season","S","N","Normal Game","Final","F","Final","F",FALSE,"F",2,FALSE,FALSE,3,2,6,".250",117,"Houston Astros","/api/v1/teams/117",10,TRUE,FALSE,3,5,2,".714",140,"Texas Rangers","/api/v1/teams/140",5325,"Globe Life Field","/api/v1/venues/5325","/api/v1/game/745033/content",NA,NA,NA
746007,"d7048112-1596-4497-b814-1dab555d1542","/api/v1.1/game/746007/feed/live","R","2024","2024-04-06T00:10:00Z","2024-04-05",NA,NA,FALSE,1,TRUE,"N","P","N","14-746007-2024-04-05","2024","night",NA,9,FALSE,120,3,1,"Regular Season","S","N","Normal Game","Final","F","Final","F",FALSE,"F",5,FALSE,FALSE,3,3,5,".375",136,"Seattle Mariners","/api/v1/teams/136",6,TRUE,FALSE,3,5,1,".833",158,"Milwaukee Brewers","/api/v1/teams/158",32,"American Family Field","/api/v1/venues/32","/api/v1/game/746007/content",NA,NA,NA
746249,"5ec817c6-81f8-47b1-94b6-8db132c1fe96","/api/v1.1/game/746249/feed/live","R","2024","2024-04-06T01:38:00Z","2024-04-05",NA,NA,FALSE,1,TRUE,"N","P","N","14-746249-2024-04-05","2024","night","Angels home opener",9,FALSE,120,3,1,"Regular Season","S","N","Normal Game","Final","F","Final","F",FALSE,"F",8,TRUE,FALSE,3,6,2,".750",111,"Boston Red Sox","/api/v1/teams/111",6,FALSE,FALSE,3,4,3,".571",108,"Los Angeles Angels","/api/v1/teams/108",1,"Angel Stadium","/api/v1/venues/1","/api/v1/game/746249/content",NA,NA,NA
746498,"32d63612-6677-4694-bc69-ea9b18ca7c8d","/api/v1.1/game/746498/feed/live","R","2024","2024-04-06T17:10:00Z","2024-04-06",NA,NA,FALSE,1,TRUE,"N","P","N","14-746498-2024-04-06","2024","day",NA,9,FALSE,120,3,2,"Regular Season","S","N","Normal Game","Final","F","Final","F",FALSE,"F",4,TRUE,FALSE,3,2,7,".222",133,"Oakland Athletics","/api/v1/teams/133",0,FALSE,FALSE,3,6,2,".750",116,"Detroit Tigers","/api/v1/teams/116",2394,"Comerica Park","/api/v1/venues/2394","/api/v1/game/746498/content",NA,NA,NA
745926,"3b4cb84b-4e6e-4954-8100-597bb3984b29","/api/v1.1/game/745926/feed/live","R","2024","2024-04-06T18:10:00Z","2024-04-06",NA,NA,FALSE,1,TRUE,"N","P","N","14-745926-2024-04-06","2024","day",NA,9,FALSE,120,2,2,"Regular Season","S","N","Normal Game","Final","F","Final","F",FALSE,"F",3,TRUE,FALSE,3,7,2,".778",114,"Cleveland Guardians","/api/v1/teams/114",1,FALSE,FALSE,3,3,4,".429",142,"Minnesota Twins","/api/v1/teams/142",3312,"Target Field","/api/v1/venues/3312","/api/v1/game/745926/content",NA,NA,NA
745197,"355b12ae-6673-4c6a-b8cc-a6070f8499f3","/api/v1.1/game/745197/feed/live","R","2024","2024-04-06T18:15:00Z","2024-04-06",NA,NA,FALSE,1,TRUE,"N","P","N","14-745197-2024-04-06","2024","day",NA,9,FALSE,120,3,2,"Regular Season","S","N","Normal Game","Final","F","Final","F",FALSE,"F",1,FALSE,FALSE,3,0,9,".000",146,"Miami Marlins","/api/v1/teams/146",3,TRUE,FALSE,3,5,4,".556",138,"St. Louis Cardinals","/api/v1/teams/138",2889,"Busch Stadium","/api/v1/venues/2889","/api/v1/game/745197/content",NA,NA,NA
746896,"c14b2839-e5c0-4e82-9418-d63e9e4bc7bd","/api/v1.1/game/746896/feed/live","R","2024","2024-04-06T20:05:00Z","2024-04-06",NA,NA,FALSE,1,TRUE,"N","P","N","14-746896-2024-04-06","2024","day",NA,9,FALSE,145,3,2,"Regular Season","S","N","Normal Game","Final","F","Final","F",FALSE,"F",4,TRUE,FALSE,4,8,3,".727",119,"Los Angeles Dodgers","/api/v1/teams/119",1,FALSE,FALSE,3,5,3,".625",112,"Chicago Cubs","/api/v1/teams/112",17,"Wrigley Field","/api/v1/venues/17","/api/v1/game/746896/content",NA,NA,NA
745522,"3700d747-7df0-4396-8b10-48b23d15a1b2","/api/v1.1/game/745522/feed/live","R","2024","2024-04-06T20:05:00Z","2024-04-06",NA,NA,FALSE,1,TRUE,"N","P","N","14-745522-2024-04-06","2024","day",NA,9,FALSE,120,3,2,"Regular Season","S","N","Normal Game","Final","F","Final","F",FALSE,"F",4,FALSE,FALSE,3,5,3,".625",110,"Baltimore Orioles","/api/v1/teams/110",5,TRUE,FALSE,3,7,2,".778",134,"Pittsburgh Pirates","/api/v1/teams/134",31,"PNC Park","/api/v1/venues/31","/api/v1/game/745522/content",NA,NA,NA
744873,"15a91560-c151-46cd-b0bf-cf5705f0216c","/api/v1.1/game/744873/feed/live","R","2024","2024-04-06T20:05:00Z","2024-04-06",NA,NA,FALSE,1,TRUE,"N","P","N","14-744873-2024-04-06","2024","day",NA,9,FALSE,120,3,2,"Regular Season","S","N","Normal Game","Final","F","Final","F",FALSE,"F",5,TRUE,FALSE,3,4,4,".500",143,"Philadelphia Phillies","/api/v1/teams/143",2,FALSE,FALSE,3,2,6,".250",120,"Washington Nationals","/api/v1/teams/120",3309,"Nationals Park","/api/v1/venues/3309","/api/v1/game/744873/content",NA,NA,NA
746731,"b5eeb86c-41cb-4845-bac5-459c91c89c7c","/api/v1.1/game/746731/feed/live","R","2024","2024-04-06T20:10:00Z","2024-04-06",NA,NA,FALSE,1,TRUE,"N","P","N","14-746731-2024-04-06","2024","day",NA,9,FALSE,120,3,2,"Regular Season","S","N","Normal Game","Final","F","Final","F",FALSE,"F",6,FALSE,FALSE,3,2,6,".250",121,"New York Mets","/api/v1/teams/121",9,TRUE,FALSE,3,5,3,".625",113,"Cincinnati Reds","/api/v1/teams/113",2602,"Great American Ball Park","/api/v1/venues/2602","/api/v1/game/746731/content",NA,NA,NA
745031,"15ab4426-ef8e-481c-816b-c7aea7101745","/api/v1.1/game/745031/feed/live","R","2024","2024-04-06T23:05:00Z","2024-04-06",NA,NA,FALSE,1,TRUE,"N","P","N","14-745031-2024-04-06","2024","night",NA,9,FALSE,120,4,2,"Regular Season","S","N","Normal Game","Final","F","Final","F",FALSE,"F",2,FALSE,FALSE,3,2,7,".222",117,"Houston Astros","/api/v1/teams/117",7,TRUE,FALSE,3,6,2,".750",140,"Texas Rangers","/api/v1/teams/140",5325,"Globe Life Field","/api/v1/venues/5325","/api/v1/game/745031/content",NA,NA,NA
745766,"9b0147b3-0b87-4b8e-ab61-aa14e9072fb6","/api/v1.1/game/745766/feed/live","R","2024","2024-04-06T23:05:00Z","2024-04-06",NA,NA,FALSE,1,TRUE,"N","P","N","14-745766-2024-04-06","2024","night",NA,9,FALSE,120,3,2,"Regular Season","S","N","Normal Game","Final","F","Final","F",FALSE,"F",8,FALSE,FALSE,3,4,5,".444",141,"Toronto Blue Jays","/api/v1/teams/141",9,TRUE,FALSE,3,7,2,".778",147,"New York Yankees","/api/v1/teams/147",3313,"Yankee Stadium","/api/v1/venues/3313","/api/v1/game/745766/content",NA,NA,NA
746329,"788ca4cf-b16b-497f-a14f-b911a7960884","/api/v1.1/game/746329/feed/live","R","2024","2024-04-06T23:10:00Z","2024-04-06",NA,NA,FALSE,1,TRUE,"N","P","N","14-746329-2024-04-06","2024","night",NA,9,FALSE,120,4,3,"Regular Season","S","N","Normal Game","Final","F","Final","F",FALSE,"F",0,FALSE,FALSE,3,1,7,".125",145,"Chicago White Sox","/api/v1/teams/145",3,TRUE,FALSE,3,5,4,".556",118,"Kansas City Royals","/api/v1/teams/118",7,"Kauffman Stadium","/api/v1/venues/7","/api/v1/game/746329/content",NA,NA,NA
746006,"f404c327-a69c-440f-ac89-08a1c7125529","/api/v1.1/game/746006/feed/live","R","2024","2024-04-06T23:10:00Z","2024-04-06",NA,NA,FALSE,1,TRUE,"N","P","N","14-746006-2024-04-06","2024","night",NA,9,FALSE,120,3,2,"Regular Season","S","N","Normal Game","Final","F","Final","F",FALSE,"F",5,TRUE,FALSE,3,4,5,".444",136,"Seattle Mariners","/api/v1/teams/136",3,FALSE,FALSE,3,5,2,".714",158,"Milwaukee Brewers","/api/v1/teams/158",32,"American Family Field","/api/v1/venues/32","/api/v1/game/746006/content",NA,NA,NA
747140,"59aaa010-1456-4c6b-9351-d5888e813180","/api/v1.1/game/747140/feed/live","R","2024","2024-04-06T23:20:00Z","2024-04-06",NA,NA,FALSE,1,TRUE,"N","P","N","14-747140-2024-04-06","2024","night",NA,9,FALSE,120,3,2,"Regular Season","S","N","Normal Game","Final","F","Final","F",FALSE,"F",8,FALSE,FALSE,3,4,5,".444",109,"Arizona Diamondbacks","/api/v1/teams/109",9,TRUE,FALSE,3,5,2,".714",144,"Atlanta Braves","/api/v1/teams/144",4705,"Truist Park","/api/v1/venues/4705","/api/v1/game/747140/content",NA,NA,NA
746575,"49d98aa6-2ae3-4367-a860-b63e00b75c2c","/api/v1.1/game/746575/feed/live","R","2024","2024-04-07T00:10:00Z","2024-04-06",NA,NA,FALSE,1,TRUE,"N","P","N","14-746575-2024-04-06","2024","night",NA,9,FALSE,120,3,2,"Regular Season","S","N","Normal Game","Final","F","Final","F",FALSE,"F",8,TRUE,FALSE,3,4,5,".444",139,"Tampa Bay Rays","/api/v1/teams/139",6,FALSE,FALSE,3,2,7,".222",115,"Colorado Rockies","/api/v1/teams/115",19,"Coors Field","/api/v1/venues/19","/api/v1/game/746575/content",NA,NA,NA
745359,"07191ecd-e73c-44b8-8222-477f9f5dea9a","/api/v1.1/game/745359/feed/live","R","2024","2024-04-07T01:05:00Z","2024-04-06",NA,NA,FALSE,1,TRUE,"N","P","N","14-745359-2024-04-06","2024","night",NA,9,FALSE,120,3,2,"Regular Season","S","N","Normal Game","Final","F","Final","F",FALSE,"F",4,TRUE,FALSE,4,5,6,".455",135,"San Diego Padres","/api/v1/teams/135",0,FALSE,FALSE,3,3,6,".333",137,"San Francisco Giants","/api/v1/teams/137",2395,"Oracle Park","/api/v1/venues/2395","/api/v1/game/745359/content",NA,NA,NA
746248,"cbd139bb-ff49-4a02-b27c-8c5ec86ae136","/api/v1.1/game/746248/feed/live","R","2024","2024-04-07T01:38:00Z","2024-04-06",NA,NA,FALSE,1,TRUE,"N","P","N","14-746248-2024-04-06","2024","night",NA,9,FALSE,120,3,2,"Regular Season","S","N","Normal Game","Final","F","Final","F",FALSE,"F",1,FALSE,FALSE,3,6,3,".667",111,"Boston Red Sox","/api/v1/teams/111",2,TRUE,FALSE,3,5,3,".625",108,"Los Angeles Angels","/api/v1/teams/108",1,"Angel Stadium","/api/v1/venues/1","/api/v1/game/746248/content",NA,NA,NA
745523,"454dddad-7b84-4012-a44b-d9309b243e29","/api/v1.1/game/745523/feed/live","R","2024","2024-04-07T17:35:00Z","2024-04-07",NA,NA,FALSE,1,TRUE,"N","P","N","14-745523-2024-04-07","2024","day",NA,9,FALSE,120,3,3,"Regular Season","S","N","Normal Game","Final","F","Final","F",FALSE,"F",2,FALSE,FALSE,3,5,4,".556",110,"Baltimore Orioles","/api/v1/teams/110",3,TRUE,FALSE,3,8,2,".800",134,"Pittsburgh Pirates","/api/v1/teams/134",31,"PNC Park","/api/v1/venues/31","/api/v1/game/745523/content",NA,NA,NA
744871,"0d491617-6212-42aa-9b67-33f68768c86e","/api/v1.1/game/744871/feed/live","R","2024","2024-04-07T17:35:00Z","2024-04-07",NA,NA,FALSE,1,TRUE,"N","P","N","14-744871-2024-04-07","2024","day",NA,9,FALSE,120,3,3,"Regular Season","S","N","Normal Game","Final","F","Final","F",FALSE,"F",2,FALSE,FALSE,3,4,5,".444",143,"Philadelphia Phillies","/api/v1/teams/143",3,TRUE,FALSE,3,3,6,".333",120,"Washington Nationals","/api/v1/teams/120",3309,"Nationals Park","/api/v1/venues/3309","/api/v1/game/744871/content",NA,NA,NA
747141,"b1465401-f079-4aab-b08e-ffefb2fd42bd","/api/v1.1/game/747141/feed/live","R","2024","2024-04-07T17:35:00Z","2024-04-07",NA,NA,FALSE,1,TRUE,"N","P","N","14-747141-2024-04-07","2024","day",NA,9,FALSE,120,3,3,"Regular Season","S","N","Normal Game","Final","F","Final","F",FALSE,"F",2,FALSE,FALSE,3,4,6,".400",109,"Arizona Diamondbacks","/api/v1/teams/109",5,TRUE,FALSE,3,6,2,".750",144,"Atlanta Braves","/api/v1/teams/144",4705,"Truist Park","/api/v1/venues/4705","/api/v1/game/747141/content",NA,NA,NA
745765,"f9b79cad-a5d9-448b-8d35-b44eaaa3810e","/api/v1.1/game/745765/feed/live","R","2024","2024-04-07T17:35:00Z","2024-04-07",NA,NA,FALSE,1,TRUE,"N","P","N","14-745765-2024-04-07","2024","day",NA,9,FALSE,120,3,3,"Regular Season","S","N","Normal Game","Final","F","Final","F",FALSE,"F",3,FALSE,FALSE,3,4,6,".400",141,"Toronto Blue Jays","/api/v1/teams/141",8,TRUE,FALSE,3,8,2,".800",147,"New York Yankees","/api/v1/teams/147",3313,"Yankee Stadium","/api/v1/venues/3313","/api/v1/game/745765/content",NA,NA,NA
746734,"e07edce7-aa5c-4d69-b56f-9c88940042cf","/api/v1.1/game/746734/feed/live","R","2024","2024-04-07T17:40:00Z","2024-04-07",NA,NA,FALSE,1,TRUE,"N","P","N","14-746734-2024-04-07","2024","day",NA,9,FALSE,120,3,3,"Regular Season","S","N","Normal Game","Final","F","Final","F",FALSE,"F",3,TRUE,FALSE,3,3,6,".333",121,"New York Mets","/api/v1/teams/121",1,FALSE,FALSE,3,5,4,".556",113,"Cincinnati Reds","/api/v1/teams/113",2602,"Great American Ball Park","/api/v1/venues/2602","/api/v1/game/746734/content",NA,NA,NA
746493,"f83abb54-cd5e-4792-a7c1-28020a5a44a1","/api/v1.1/game/746493/feed/live","R","2024","2024-04-07T17:40:00Z","2024-04-07",NA,NA,FALSE,1,TRUE,"N","P","N","14-746493-2024-04-07","2024","day",NA,9,FALSE,120,3,3,"Regular Season","S","N","Normal Game","Final","F","Final","F",FALSE,"F",7,TRUE,FALSE,3,3,7,".300",133,"Oakland Athletics","/api/v1/teams/133",1,FALSE,FALSE,3,6,3,".667",116,"Detroit Tigers","/api/v1/teams/116",2394,"Comerica Park","/api/v1/venues/2394","/api/v1/game/746493/content",NA,NA,NA
746330,"3729bd03-fab9-4760-a6b9-a58e1aa58449","/api/v1.1/game/746330/feed/live","R","2024","2024-04-07T18:10:00Z","2024-04-07",NA,NA,FALSE,1,TRUE,"N","P","N","14-746330-2024-04-07","2024","day",NA,9,FALSE,120,4,4,"Regular Season","S","N","Normal Game","Final","F","Final","F",FALSE,"F",3,FALSE,FALSE,3,1,8,".111",145,"Chicago White Sox","/api/v1/teams/145",5,TRUE,FALSE,3,6,4,".600",118,"Kansas City Royals","/api/v1/teams/118",7,"Kauffman Stadium","/api/v1/venues/7","/api/v1/game/746330/content",NA,NA,NA
746003,"13f934ef-c1b5-48c1-b920-95d4917dad3d","/api/v1.1/game/746003/feed/live","R","2024","2024-04-07T18:10:00Z","2024-04-07",NA,NA,FALSE,1,TRUE,"N","P","N","14-746003-2024-04-07","2024","day",NA,9,FALSE,120,3,3,"Regular Season","S","N","Normal Game","Final","F","Final","F",FALSE,"F",4,FALSE,FALSE,3,4,6,".400",136,"Seattle Mariners","/api/v1/teams/136",12,TRUE,FALSE,3,6,2,".750",158,"Milwaukee Brewers","/api/v1/teams/158",32,"American Family Field","/api/v1/venues/32","/api/v1/game/746003/content",NA,NA,NA
745198,"a781e367-9a51-4334-93ba-3099743625c8","/api/v1.1/game/745198/feed/live","R","2024","2024-04-07T18:15:00Z","2024-04-07",NA,NA,FALSE,1,TRUE,"N","P","N","14-745198-2024-04-07","2024","day",NA,9,FALSE,120,3,3,"Regular Season","S","N","Normal Game","Final","F","Final","F",FALSE,"F",10,TRUE,FALSE,3,1,9,".100",146,"Miami Marlins","/api/v1/teams/146",3,FALSE,FALSE,3,5,5,".500",138,"St. Louis Cardinals","/api/v1/teams/138",2889,"Busch Stadium","/api/v1/venues/2889","/api/v1/game/745198/content",NA,NA,NA
746895,"77a0670f-1817-4975-ab66-df47a0ae626c","/api/v1.1/game/746895/feed/live","R","2024","2024-04-07T18:20:00Z","2024-04-07",NA,NA,FALSE,1,TRUE,"N","P","N","14-746895-2024-04-07","2024","day",NA,9,FALSE,120,3,3,"Regular Season","S","N","Normal Game","Final","F","Final","F",FALSE,"F",1,FALSE,FALSE,4,8,4,".667",119,"Los Angeles Dodgers","/api/v1/teams/119",8,TRUE,FALSE,3,6,3,".667",112,"Chicago Cubs","/api/v1/teams/112",17,"Wrigley Field","/api/v1/venues/17","/api/v1/game/746895/content",NA,NA,NA
746574,"3d0d2d1e-7348-439c-994e-b49e82008284","/api/v1.1/game/746574/feed/live","R","2024","2024-04-07T19:10:00Z","2024-04-07",NA,NA,FALSE,1,TRUE,"N","P","N","14-746574-2024-04-07","2024","day",NA,9,FALSE,120,3,3,"Regular Season","S","N","Normal Game","Final","F","Final","F",FALSE,"F",3,TRUE,FALSE,3,5,5,".500",139,"Tampa Bay Rays","/api/v1/teams/139",2,FALSE,FALSE,3,2,8,".200",115,"Colorado Rockies","/api/v1/teams/115",19,"Coors Field","/api/v1/venues/19","/api/v1/game/746574/content",NA,NA,NA
745362,"38e36338-aa6b-4bbb-835c-35b2047f9e97","/api/v1.1/game/745362/feed/live","R","2024","2024-04-07T20:05:00Z","2024-04-07",NA,NA,FALSE,1,TRUE,"N","P","N","14-745362-2024-04-07","2024","day",NA,9,FALSE,120,3,3,"Regular Season","S","N","Normal Game","Final","F","Final","F",FALSE,"F",2,FALSE,FALSE,4,5,7,".417",135,"San Diego Padres","/api/v1/teams/135",3,TRUE,FALSE,3,4,6,".400",137,"San Francisco Giants","/api/v1/teams/137",2395,"Oracle Park","/api/v1/venues/2395","/api/v1/game/745362/content",NA,NA,NA
746251,"126a1c58-a187-414b-90d9-955cad0072e3","/api/v1.1/game/746251/feed/live","R","2024","2024-04-07T20:07:00Z","2024-04-07",NA,NA,FALSE,1,TRUE,"N","P","N","14-746251-2024-04-07","2024","day",NA,9,FALSE,120,3,3,"Regular Season","S","N","Normal Game","Final","F","Final","F",FALSE,"F",12,TRUE,FALSE,3,7,3,".700",111,"Boston Red Sox","/api/v1/teams/111",2,FALSE,FALSE,3,5,4,".556",108,"Los Angeles Angels","/api/v1/teams/108",1,"Angel Stadium","/api/v1/venues/1","/api/v1/game/746251/content",NA,NA,NA
745032,"5c77afcb-aa8a-42b0-b602-a19caade36d5","/api/v1.1/game/745032/feed/live","R","2024","2024-04-07T23:10:00Z","2024-04-07",NA,NA,FALSE,1,TRUE,"N","P","N","14-745032-2024-04-07","2024","night",NA,9,FALSE,145,4,3,"Regular Season","S","N","Normal Game","Final","F","Final","F",FALSE,"F",3,TRUE,FALSE,3,3,7,".300",117,"Houston Astros","/api/v1/teams/117",1,FALSE,FALSE,3,6,3,".667",140,"Texas Rangers","/api/v1/teams/140",5325,"Globe Life Field","/api/v1/venues/5325","/api/v1/game/745032/content",NA,NA,NA
746654,"8520b2c0-6957-475b-a2fc-6e9563d3860f","/api/v1.1/game/746654/feed/live","R","2024","2024-04-08T21:10:00Z","2024-04-08",NA,NA,FALSE,1,TRUE,"N","P","N","14-746654-2024-04-08","2024","night","Guardians home opener",9,FALSE,120,3,1,"Regular Season","S","N","Normal Game","Final","F","Final","F",FALSE,"F",0,FALSE,FALSE,4,1,9,".100",145,"Chicago White Sox","/api/v1/teams/145",4,TRUE,FALSE,4,8,2,".800",114,"Cleveland Guardians","/api/v1/teams/114",5,"Progressive Field","/api/v1/venues/5","/api/v1/game/746654/content",NA,NA,NA
745761,"7d7c9bea-0d0c-40b6-9eff-9075e0a3efa1","/api/v1.1/game/745761/feed/live","R","2024","2024-04-08T22:05:00Z","2024-04-08",NA,NA,FALSE,1,TRUE,"N","P","N","14-745761-2024-04-08","2024","night","Start time moved from 2:05pm",9,FALSE,120,3,1,"Regular Season","S","N","Normal Game","Final","F","Final","F",FALSE,"F",0,FALSE,FALSE,4,1,10,".091",146,"Miami Marlins","/api/v1/teams/146",7,TRUE,FALSE,4,9,2,".818",147,"New York Yankees","/api/v1/teams/147",3313,"Yankee Stadium","/api/v1/venues/3313","/api/v1/game/745761/content",NA,NA,NA
745520,"d9c5c674-418e-40b4-aecb-94cdd81e1e96","/api/v1.1/game/745520/feed/live","R","2024","2024-04-08T22:40:00Z","2024-04-08",NA,NA,FALSE,1,TRUE,"N","P","N","14-745520-2024-04-08","2024","night",NA,9,FALSE,120,2,1,"Regular Season","S","N","Normal Game","Final","F","Final","F",FALSE,"F",4,FALSE,FALSE,4,6,4,".600",116,"Detroit Tigers","/api/v1/teams/116",7,TRUE,FALSE,4,9,2,".818",134,"Pittsburgh Pirates","/api/v1/teams/134",31,"PNC Park","/api/v1/venues/31","/api/v1/game/745520/content",NA,NA,NA
746735,"c3f6d13f-bf1c-4857-8b9d-0c3ded46b824","/api/v1.1/game/746735/feed/live","R","2024","2024-04-08T22:40:00Z","2024-04-08",NA,NA,FALSE,1,TRUE,"N","P","N","14-746735-2024-04-08","2024","night",NA,9,FALSE,120,4,1,"Regular Season","S","N","Normal Game","Final","F","Final","F",FALSE,"F",8,FALSE,FALSE,4,6,3,".667",158,"Milwaukee Brewers","/api/v1/teams/158",10,TRUE,FALSE,4,6,4,".600",113,"Cincinnati Reds","/api/v1/teams/113",2602,"Great American Ball Park","/api/v1/venues/2602","/api/v1/game/746735/content",NA,NA,NA
744956,"7b73021f-6be0-4835-b8d1-03a17befdcfb","/api/v1.1/game/744956/feed/live","R","2024","2024-04-08T23:07:00Z","2024-04-08",NA,NA,FALSE,1,TRUE,"N","P","N","14-744956-2024-04-08","2024","night","Blue Jays home opener",9,FALSE,120,3,1,"Regular Season","S","N","Normal Game","Final","F","Final","F",FALSE,"F",2,FALSE,FALSE,4,4,7,".364",136,"Seattle Mariners","/api/v1/teams/136",5,TRUE,FALSE,4,5,6,".455",141,"Toronto Blue Jays","/api/v1/teams/141",14,"Rogers Centre","/api/v1/venues/14","/api/v1/game/744956/content",NA,NA,NA
747142,"26d49517-1158-4bc4-9ceb-7ed8ff5e628e","/api/v1.1/game/747142/feed/live","R","2024","2024-04-08T23:20:00Z","2024-04-08",NA,NA,FALSE,1,TRUE,"N","P","N","14-747142-2024-04-08","2024","night",NA,9,FALSE,120,4,1,"Regular Season","S","N","Normal Game","Final","F","Final","F",FALSE,"F",8,TRUE,FALSE,4,4,6,".400",121,"New York Mets","/api/v1/teams/121",7,FALSE,FALSE,4,6,3,".667",144,"Atlanta Braves","/api/v1/teams/144",4705,"Truist Park","/api/v1/venues/4705","/api/v1/game/747142/content",NA,NA,NA
745925,"1a3c3929-563b-4558-9a8f-d11e151b356c","/api/v1.1/game/745925/feed/live","R","2024","2024-04-08T23:40:00Z","2024-04-08",NA,NA,FALSE,1,TRUE,"N","P","N","14-745925-2024-04-08","2024","night",NA,9,FALSE,120,3,1,"Regular Season","S","N","Normal Game","Final","F","Final","F",FALSE,"F",4,TRUE,FALSE,5,9,4,".692",119,"Los Angeles Dodgers","/api/v1/teams/119",2,FALSE,FALSE,4,3,5,".375",142,"Minnesota Twins","/api/v1/teams/142",3312,"Target Field","/api/v1/venues/3312","/api/v1/game/745925/content",NA,NA,NA
745194,"52b86ac8-24cf-4270-b5c0-fd6f4c789835","/api/v1.1/game/745194/feed/live","R","2024","2024-04-08T23:45:00Z","2024-04-08",NA,NA,FALSE,1,TRUE,"N","P","N","14-745194-2024-04-08","2024","night",NA,9,FALSE,120,3,1,"Regular Season","S","N","Normal Game","Final","F","Final","F",FALSE,"F",5,TRUE,FALSE,4,5,5,".500",143,"Philadelphia Phillies","/api/v1/teams/143",3,FALSE,FALSE,4,5,6,".455",138,"St. Louis Cardinals","/api/v1/teams/138",2889,"Busch Stadium","/api/v1/venues/2889","/api/v1/game/745194/content",NA,NA,NA
745034,"28e18778-e72b-422a-8896-170472473ddb","/api/v1.1/game/745034/feed/live","R","2024","2024-04-09T00:05:00Z","2024-04-08",NA,NA,FALSE,1,TRUE,"N","P","N","14-745034-2024-04-08","2024","night",NA,9,FALSE,120,4,4,"Regular Season","S","N","Normal Game","Final","F","Final","F",FALSE,"F",10,TRUE,FALSE,3,4,7,".364",117,"Houston Astros","/api/v1/teams/117",5,FALSE,FALSE,3,6,4,".600",140,"Texas Rangers","/api/v1/teams/140",5325,"Globe Life Field","/api/v1/venues/5325","/api/v1/game/745034/content",NA,NA,NA
746569,"bc625b1f-0843-4b92-bd9f-579396b6eab5","/api/v1.1/game/746569/feed/live","R","2024","2024-04-09T00:40:00Z","2024-04-08",NA,NA,FALSE,1,TRUE,"N","P","N","14-746569-2024-04-08","2024","night",NA,9,FALSE,120,3,1,"Regular Season","S","N","Normal Game","Final","F","Final","F",FALSE,"F",5,FALSE,FALSE,4,4,7,".364",109,"Arizona Diamondbacks","/api/v1/teams/109",7,TRUE,FALSE,4,3,8,".273",115,"Colorado Rockies","/api/v1/teams/115",19,"Coors Field","/api/v1/venues/19","/api/v1/game/746569/content",NA,NA,NA
746252,"e2c85fea-dd26-4eb0-8ad4-c2ffa262824c","/api/v1.1/game/746252/feed/live","R","2024","2024-04-09T01:38:00Z","2024-04-08",NA,NA,FALSE,1,TRUE,"N","P","N","14-746252-2024-04-08","2024","night",NA,9,FALSE,120,3,1,"Regular Season","S","N","Normal Game","Final","F","Final","F",FALSE,"F",1,FALSE,FALSE,4,5,6,".455",139,"Tampa Bay Rays","/api/v1/teams/139",7,TRUE,FALSE,4,6,4,".600",108,"Los Angeles Angels","/api/v1/teams/108",1,"Angel Stadium","/api/v1/venues/1","/api/v1/game/746252/content",NA,NA,NA
745432,"2b6246eb-ed73-4f71-9af3-84603fefad41","/api/v1.1/game/745432/feed/live","R","2024","2024-04-09T01:40:00Z","2024-04-08",NA,NA,FALSE,1,TRUE,"N","P","N","14-745432-2024-04-08","2024","night",NA,9,FALSE,120,3,1,"Regular Season","S","N","Normal Game","Final","F","Final","F",FALSE,"F",8,FALSE,FALSE,4,6,4,".600",112,"Chicago Cubs","/api/v1/teams/112",9,TRUE,FALSE,5,6,7,".462",135,"San Diego Padres","/api/v1/teams/135",2680,"Petco Park","/api/v1/venues/2680","/api/v1/game/745432/content",NA,NA,NA
745363,"3edb2bba-4171-497e-af8e-cc926346cde8","/api/v1.1/game/745363/feed/live","R","2024","2024-04-09T01:45:00Z","2024-04-08",NA,NA,FALSE,1,TRUE,"N","P","N","14-745363-2024-04-08","2024","night",NA,9,FALSE,120,3,1,"Regular Season","S","N","Normal Game","Final","F","Final","F",FALSE,"F",8,TRUE,FALSE,4,4,6,".400",120,"Washington Nationals","/api/v1/teams/120",1,FALSE,FALSE,4,4,7,".364",137,"San Francisco Giants","/api/v1/teams/137",2395,"Oracle Park","/api/v1/venues/2395","/api/v1/game/745363/content",NA,NA,NA
745517,"7271e3d5-d35d-4970-8784-cbe0d10603f6","/api/v1.1/game/745517/feed/live","R","2024","2024-04-09T16:35:00Z","2024-04-09",NA,NA,FALSE,1,TRUE,"N","P","N","14-745517-2024-04-09","2024","day",NA,9,FALSE,120,2,2,"Regular Season","S","N","Normal Game","Final","F","Final","F",FALSE,"F",5,TRUE,FALSE,4,7,4,".636",116,"Detroit Tigers","/api/v1/teams/116",3,FALSE,FALSE,4,9,3,".750",134,"Pittsburgh Pirates","/api/v1/teams/134",31,"PNC Park","/api/v1/venues/31","/api/v1/game/745517/content",NA,NA,NA
746981,"8fa80eac-2388-45ed-a473-f4d9b0670014","/api/v1.1/game/746981/feed/live","R","2024","2024-04-09T18:10:00Z","2024-04-09",NA,NA,FALSE,1,TRUE,"N","P","N","14-746981-2024-04-09","2024","day","Red Sox home opener",9,FALSE,120,3,1,"Regular Season","S","N","Normal Game","Final","F","Final","F",FALSE,"F",7,TRUE,FALSE,4,6,4,".600",110,"Baltimore Orioles","/api/v1/teams/110",1,FALSE,FALSE,4,7,4,".636",111,"Boston Red Sox","/api/v1/teams/111",3,"Fenway Park","/api/v1/venues/3","/api/v1/game/746981/content",NA,NA,NA
746653,"6cca51aa-8990-4ddb-8bc9-5c12c8e9f13c","/api/v1.1/game/746653/feed/live","R","2024","2024-04-09T22:10:00Z","2024-04-09",NA,NA,FALSE,1,TRUE,"N","P","N","14-746653-2024-04-09","2024","night",NA,9,FALSE,120,3,2,"Regular Season","S","N","Normal Game","Final","F","Final","F",FALSE,"F",7,TRUE,FALSE,4,2,9,".182",145,"Chicago White Sox","/api/v1/teams/145",5,FALSE,FALSE,4,8,3,".727",114,"Cleveland Guardians","/api/v1/teams/114",5,"Progressive Field","/api/v1/venues/5","/api/v1/game/746653/content",NA,NA,NA
746732,"0ba6956d-578d-465f-afc6-6658993e44f4","/api/v1.1/game/746732/feed/live","R","2024","2024-04-09T22:40:00Z","2024-04-09",NA,NA,FALSE,1,TRUE,"N","P","N","14-746732-2024-04-09","2024","night",NA,9,FALSE,120,3,2,"Regular Season","S","N","Normal Game","Final","F","Final","F",FALSE,"F",9,TRUE,FALSE,4,7,3,".700",158,"Milwaukee Brewers","/api/v1/teams/158",5,FALSE,FALSE,4,6,5,".545",113,"Cincinnati Reds","/api/v1/teams/113",2602,"Great American Ball Park","/api/v1/venues/2602","/api/v1/game/746732/content",NA,NA,NA
745762,"613a1267-80a1-4560-ba33-0984705c2baf","/api/v1.1/game/745762/feed/live","R","2024","2024-04-09T23:05:00Z","2024-04-09",NA,NA,FALSE,1,TRUE,"N","P","N","14-745762-2024-04-09","2024","night",NA,9,FALSE,120,3,2,"Regular Season","S","N","Normal Game","Final","F","Final","F",FALSE,"F",2,FALSE,FALSE,4,1,11,".083",146,"Miami Marlins","/api/v1/teams/146",3,TRUE,FALSE,4,10,2,".833",147,"New York Yankees","/api/v1/teams/147",3313,"Yankee Stadium","/api/v1/venues/3313","/api/v1/game/745762/content",NA,NA,NA
744957,"fb554ab7-385e-4acd-9fd1-93bd08ea8ab2","/api/v1.1/game/744957/feed/live","R","2024","2024-04-09T23:07:00Z","2024-04-09",NA,NA,FALSE,1,TRUE,"N","P","N","14-744957-2024-04-09","2024","night",NA,9,FALSE,120,3,2,"Regular Season","S","N","Normal Game","Final","F","Final","F",FALSE,"F",3,FALSE,FALSE,4,4,8,".333",136,"Seattle Mariners","/api/v1/teams/136",5,TRUE,FALSE,4,6,6,".500",141,"Toronto Blue Jays","/api/v1/teams/141",14,"Rogers Centre","/api/v1/venues/14","/api/v1/game/744957/content",NA,NA,NA
747138,"9d8a7409-c56e-4f87-8056-34f7a74e0650","/api/v1.1/game/747138/feed/live","R","2024","2024-04-09T23:20:00Z","2024-04-09",NA,NA,FALSE,1,TRUE,"N","P","N","14-747138-2024-04-09","2024","night",NA,9,FALSE,120,4,2,"Regular Season","S","N","Normal Game","Final","F","Final","F",FALSE,"F",5,FALSE,FALSE,4,4,7,".364",121,"New York Mets","/api/v1/teams/121",6,TRUE,FALSE,4,7,3,".700",144,"Atlanta Braves","/api/v1/teams/144",4705,"Truist Park","/api/v1/venues/4705","/api/v1/game/747138/content",NA,NA,NA
746326,"7bd3230f-d973-4e3d-bc47-b17fafd52ff2","/api/v1.1/game/746326/feed/live","R","2024","2024-04-09T23:40:00Z","2024-04-09",NA,NA,FALSE,1,TRUE,"N","P","N","14-746326-2024-04-09","2024","night",NA,9,FALSE,120,3,1,"Regular Season","S","N","Normal Game","Final","F","Final","F",FALSE,"F",3,FALSE,FALSE,4,4,8,".333",117,"Houston Astros","/api/v1/teams/117",4,TRUE,FALSE,4,7,4,".636",118,"Kansas City Royals","/api/v1/teams/118",7,"Kauffman Stadium","/api/v1/venues/7","/api/v1/game/746326/content",NA,NA,NA
745924,"64412b15-4ea5-4917-bac0-f7f1ddcad32f","/api/v1.1/game/745924/feed/live","R","2024","2024-04-09T23:40:00Z","2024-04-09",NA,NA,FALSE,1,TRUE,"N","P","N","14-745924-2024-04-09","2024","night",NA,9,FALSE,120,3,2,"Regular Season","S","N","Normal Game","Final","F","Final","F",FALSE,"F",6,TRUE,FALSE,5,10,4,".714",119,"Los Angeles Dodgers","/api/v1/teams/119",3,FALSE,FALSE,4,3,6,".333",142,"Minnesota Twins","/api/v1/teams/142",3312,"Target Field","/api/v1/venues/3312","/api/v1/game/745924/content",NA,NA,NA
745195,"08b2346d-9a21-4df7-8733-cf06d173b5ff","/api/v1.1/game/745195/feed/live","R","2024","2024-04-09T23:45:00Z","2024-04-09",NA,NA,FALSE,1,TRUE,"N","P","N","14-745195-2024-04-09","2024","night",NA,9,FALSE,120,3,2,"Regular Season","S","N","Normal Game","Final","F","Final","F",FALSE,"F",0,FALSE,FALSE,4,5,6,".455",143,"Philadelphia Phillies","/api/v1/teams/143",3,TRUE,FALSE,4,6,6,".500",138,"St. Louis Cardinals","/api/v1/teams/138",2889,"Busch Stadium","/api/v1/venues/2889","/api/v1/game/745195/content",NA,NA,NA
745030,"9aed4e80-799a-4030-ab5a-33beeb4c38cf","/api/v1.1/game/745030/feed/live","R","2024","2024-04-10T00:05:00Z","2024-04-09",NA,NA,FALSE,1,TRUE,"N","P","N","14-745030-2024-04-09","2024","night",NA,9,FALSE,120,3,1,"Regular Season","S","N","Normal Game","Final","F","Final","F",FALSE,"F",4,TRUE,FALSE,4,4,7,".364",133,"Oakland Athletics","/api/v1/teams/133",3,FALSE,FALSE,4,6,5,".545",140,"Texas Rangers","/api/v1/teams/140",5325,"Globe Life Field","/api/v1/venues/5325","/api/v1/game/745030/content",NA,NA,NA
746571,"76df8e7c-6dea-42e0-800f-78d61530d7b4","/api/v1.1/game/746571/feed/live","R","2024","2024-04-10T00:40:00Z","2024-04-09",NA,NA,FALSE,1,TRUE,"N","P","N","14-746571-2024-04-09","2024","night",NA,9,FALSE,120,3,2,"Regular Season","S","N","Normal Game","Final","F","Final","F",FALSE,"F",3,TRUE,FALSE,4,5,7,".417",109,"Arizona Diamondbacks","/api/v1/teams/109",2,FALSE,FALSE,4,3,9,".250",115,"Colorado Rockies","/api/v1/teams/115",19,"Coors Field","/api/v1/venues/19","/api/v1/game/746571/content",NA,NA,NA
746250,"b4b4628f-47d0-4aeb-9c6a-b9b3513c8dab","/api/v1.1/game/746250/feed/live","R","2024","2024-04-10T01:38:00Z","2024-04-09",NA,NA,FALSE,1,TRUE,"N","P","N","14-746250-2024-04-09","2024","night",NA,9,FALSE,120,3,2,"Regular Season","S","N","Normal Game","Final","F","Final","F",FALSE,"F",6,TRUE,FALSE,4,6,6,".500",139,"Tampa Bay Rays","/api/v1/teams/139",4,FALSE,FALSE,4,6,5,".545",108,"Los Angeles Angels","/api/v1/teams/108",1,"Angel Stadium","/api/v1/venues/1","/api/v1/game/746250/content",NA,NA,NA
745357,"6ff79c23-0c80-4f6c-bd59-0b3fa9394fc4","/api/v1.1/game/745357/feed/live","R","2024","2024-04-10T01:45:00Z","2024-04-09",NA,NA,FALSE,1,TRUE,"N","P","N","14-745357-2024-04-09","2024","night",NA,9,FALSE,120,3,2,"Regular Season","S","N","Normal Game","Final","F","Final","F",FALSE,"F",5,TRUE,FALSE,4,5,6,".455",120,"Washington Nationals","/api/v1/teams/120",3,FALSE,FALSE,4,4,8,".333",137,"San Francisco Giants","/api/v1/teams/137",2395,"Oracle Park","/api/v1/venues/2395","/api/v1/game/745357/content",NA,NA,NA
745433,"1817a013-6fd6-4423-a75b-96d113d796e7","/api/v1.1/game/745433/feed/live","R","2024","2024-04-10T02:05:00Z","2024-04-09",NA,NA,FALSE,1,TRUE,"N","P","N","14-745433-2024-04-09","2024","night",NA,9,FALSE,145,3,2,"Regular Season","S","N","Normal Game","Final","F","Final","F",FALSE,"F",5,TRUE,FALSE,4,7,4,".636",112,"Chicago Cubs","/api/v1/teams/112",1,FALSE,FALSE,5,6,8,".429",135,"San Diego Padres","/api/v1/teams/135",2680,"Petco Park","/api/v1/venues/2680","/api/v1/game/745433/content",NA,NA,NA
745923,"af059a03-737f-4afa-80bb-9852119d65ac","/api/v1.1/game/745923/feed/live","R","2024","2024-04-10T17:10:00Z","2024-04-10",NA,NA,FALSE,1,TRUE,"N","P","N","14-745923-2024-04-10","2024","day",NA,9,FALSE,120,3,3,"Regular Season","S","N","Normal Game","Final","F","Final","F",FALSE,"F",2,FALSE,FALSE,5,10,5,".667",119,"Los Angeles Dodgers","/api/v1/teams/119",3,TRUE,FALSE,4,4,6,".400",142,"Minnesota Twins","/api/v1/teams/142",3312,"Target Field","/api/v1/venues/3312","/api/v1/game/745923/content",NA,NA,NA
745196,"ba6e0646-6305-478e-91da-44cf623d1342","/api/v1.1/game/745196/feed/live","R","2024","2024-04-10T17:15:00Z","2024-04-10",NA,NA,FALSE,1,TRUE,"N","P","N","14-745196-2024-04-10","2024","day",NA,9,FALSE,120,3,3,"Regular Season","S","N","Normal Game","Final","F","Final","F",FALSE,"F",4,TRUE,FALSE,4,6,6,".500",143,"Philadelphia Phillies","/api/v1/teams/143",3,FALSE,FALSE,4,6,7,".462",138,"St. Louis Cardinals","/api/v1/teams/138",2889,"Busch Stadium","/api/v1/venues/2889","/api/v1/game/745196/content",NA,NA,NA
744950,"10bf5ae2-80c5-4b8b-8b67-4f47f524f5d2","/api/v1.1/game/744950/feed/live","R","2024","2024-04-10T19:07:00Z","2024-04-10",NA,NA,FALSE,1,TRUE,"N","P","N","14-744950-2024-04-10","2024","day",NA,9,FALSE,120,3,3,"Regular Season","S","N","Normal Game","Final","F","Final","F",FALSE,"F",6,TRUE,FALSE,4,5,8,".385",136,"Seattle Mariners","/api/v1/teams/136",1,FALSE,FALSE,4,6,7,".462",141,"Toronto Blue Jays","/api/v1/teams/141",14,"Rogers Centre","/api/v1/venues/14","/api/v1/game/744950/content",NA,NA,NA
746573,"82752e75-31bf-4144-b0a2-e3273fcab1fe","/api/v1.1/game/746573/feed/live","R","2024","2024-04-10T19:10:00Z","2024-04-10",NA,NA,FALSE,1,TRUE,"N","P","N","14-746573-2024-04-10","2024","day",NA,9,FALSE,120,3,3,"Regular Season","S","N","Normal Game","Final","F","Final","F",FALSE,"F",5,TRUE,FALSE,4,6,7,".462",109,"Arizona Diamondbacks","/api/v1/teams/109",3,FALSE,FALSE,4,3,10,".231",115,"Colorado Rockies","/api/v1/teams/115",19,"Coors Field","/api/v1/venues/19","/api/v1/game/746573/content",NA,NA,NA
745355,"979e4d8c-ff97-44f1-9b99-e907e0449862","/api/v1.1/game/745355/feed/live","R","2024","2024-04-10T19:45:00Z","2024-04-10",NA,NA,FALSE,1,TRUE,"N","P","N","14-745355-2024-04-10","2024","day",NA,9,FALSE,120,3,3,"Regular Season","S","N","Normal Game","Final","F","Final","F",FALSE,"F",1,FALSE,FALSE,4,5,7,".417",120,"Washington Nationals","/api/v1/teams/120",7,TRUE,FALSE,4,5,8,".385",137,"San Francisco Giants","/api/v1/teams/137",2395,"Oracle Park","/api/v1/venues/2395","/api/v1/game/745355/content",NA,NA,NA
746247,"3ad773cf-70a6-41e9-b023-c73093826542","/api/v1.1/game/746247/feed/live","R","2024","2024-04-10T20:07:00Z","2024-04-10",NA,NA,FALSE,1,TRUE,"N","P","N","14-746247-2024-04-10","2024","day",NA,9,FALSE,120,3,3,"Regular Season","S","N","Normal Game","Final","F","Final","F",FALSE,"F",4,TRUE,FALSE,4,7,6,".538",139,"Tampa Bay Rays","/api/v1/teams/139",2,FALSE,FALSE,4,6,6,".500",108,"Los Angeles Angels","/api/v1/teams/108",1,"Angel Stadium","/api/v1/venues/1","/api/v1/game/746247/content",NA,NA,NA
746655,"bb0e85bf-6f0a-4db0-8889-94fd3cfaac20","/api/v1.1/game/746655/feed/live","R","2024","2024-04-10T22:10:00Z","2024-04-10",NA,NA,FALSE,1,TRUE,"N","P","N","14-746655-2024-04-10","2024","night",NA,9,FALSE,120,3,3,"Regular Season","S","N","Normal Game","Final","F","Final","F",FALSE,"F",6,FALSE,FALSE,4,2,10,".167",145,"Chicago White Sox","/api/v1/teams/145",7,TRUE,FALSE,4,9,3,".750",114,"Cleveland Guardians","/api/v1/teams/114",5,"Progressive Field","/api/v1/venues/5","/api/v1/game/746655/content",NA,NA,NA
745429,"c1a8e01d-0ffa-4fc0-8269-9ad3c2071b11","/api/v1.1/game/745429/feed/live","R","2024","2024-04-10T22:40:00Z","2024-04-10",NA,NA,FALSE,1,TRUE,"N","P","N","14-745429-2024-04-10","2024","day",NA,9,FALSE,120,3,3,"Regular Season","S","N","Normal Game","Final","F","Final","F",FALSE,"F",2,FALSE,FALSE,4,7,5,".583",112,"Chicago Cubs","/api/v1/teams/112",10,TRUE,FALSE,5,7,8,".467",135,"San Diego Padres","/api/v1/teams/135",2680,"Petco Park","/api/v1/venues/2680","/api/v1/game/745429/content",NA,NA,NA
746728,"d0dcfbb8-011d-447d-a90d-a26d21fdf701","/api/v1.1/game/746728/feed/live","R","2024","2024-04-10T22:40:00Z","2024-04-10",NA,NA,FALSE,1,TRUE,"N","P","N","14-746728-2024-04-10","2024","night",NA,9,FALSE,120,4,3,"Regular Season","S","N","Normal Game","Final","F","Final","F",FALSE,"F",7,TRUE,FALSE,4,8,3,".727",158,"Milwaukee Brewers","/api/v1/teams/158",2,FALSE,FALSE,4,6,6,".500",113,"Cincinnati Reds","/api/v1/teams/113",2602,"Great American Ball Park","/api/v1/venues/2602","/api/v1/game/746728/content",NA,NA,NA
745763,"e856aa8c-57c5-4fd4-8e38-976a812e6008","/api/v1.1/game/745763/feed/live","R","2024","2024-04-10T23:05:00Z","2024-04-10",NA,NA,FALSE,1,TRUE,"N","P","N","14-745763-2024-04-10","2024","night",NA,9,FALSE,120,3,3,"Regular Season","S","N","Normal Game","Final","F","Final","F",FALSE,"F",5,TRUE,FALSE,4,2,11,".154",146,"Miami Marlins","/api/v1/teams/146",2,FALSE,FALSE,4,10,3,".769",147,"New York Yankees","/api/v1/teams/147",3313,"Yankee Stadium","/api/v1/venues/3313","/api/v1/game/745763/content",NA,NA,NA
746980,"cfb71b14-28b6-48e4-b53f-0e808724079c","/api/v1.1/game/746980/feed/live","R","2024","2024-04-10T23:10:00Z","2024-04-10",NA,NA,FALSE,1,TRUE,"N","P","N","14-746980-2024-04-10","2024","night",NA,9,FALSE,120,3,2,"Regular Season","S","N","Normal Game","Final","F","Final","F",FALSE,"F",7,TRUE,FALSE,4,7,4,".636",110,"Baltimore Orioles","/api/v1/teams/110",5,FALSE,FALSE,4,7,5,".583",111,"Boston Red Sox","/api/v1/teams/111",3,"Fenway Park","/api/v1/venues/3","/api/v1/game/746980/content",NA,NA,NA
746323,"57558446-3756-4681-badf-cf8904d62b87","/api/v1.1/game/746323/feed/live","R","2024","2024-04-10T23:40:00Z","2024-04-10",NA,NA,FALSE,1,TRUE,"N","P","N","14-746323-2024-04-10","2024","night",NA,9,FALSE,120,3,2,"Regular Season","S","N","Normal Game","Final","F","Final","F",FALSE,"F",2,FALSE,FALSE,4,4,9,".308",117,"Houston Astros","/api/v1/teams/117",11,TRUE,FALSE,4,8,4,".667",118,"Kansas City Royals","/api/v1/teams/118",7,"Kauffman Stadium","/api/v1/venues/7","/api/v1/game/746323/content",NA,NA,NA
745024,"77b95197-78cf-4091-b798-e90699fb1c1b","/api/v1.1/game/745024/feed/live","R","2024","2024-04-11T00:05:00Z","2024-04-10",NA,NA,FALSE,1,TRUE,"N","P","N","14-745024-2024-04-10","2024","night",NA,9,FALSE,120,3,2,"Regular Season","S","N","Normal Game","Final","F","Final","F",FALSE,"F",2,FALSE,FALSE,4,4,8,".333",133,"Oakland Athletics","/api/v1/teams/133",6,TRUE,FALSE,4,7,5,".583",140,"Texas Rangers","/api/v1/teams/140",5325,"Globe Life Field","/api/v1/venues/5325","/api/v1/game/745024/content",NA,NA,NA
747137,"8c370601-f3b6-4eae-8e3d-30aad41aaae7","/api/v1.1/game/747137/feed/live","R","2024","2024-04-11T16:20:00Z","2024-04-11",NA,NA,FALSE,1,TRUE,"N","P","N","14-747137-2024-04-11","2024","day",NA,9,FALSE,120,3,3,"Regular Season","S","N","Normal Game","Final","F","Final","F",FALSE,"F",16,TRUE,FALSE,4,5,7,".417",121,"New York Mets","/api/v1/teams/121",4,FALSE,FALSE,4,7,4,".636",144,"Atlanta Braves","/api/v1/teams/144",4705,"Truist Park","/api/v1/venues/4705","/api/v1/game/747137/content",NA,NA,NA
746322,"6d2d6388-9f7e-48f9-8fb9-2532b49a5229","/api/v1.1/game/746322/feed/live","R","2024","2024-04-11T18:10:00Z","2024-04-11",NA,NA,FALSE,1,TRUE,"N","P","N","14-746322-2024-04-11","2024","day",NA,9,FALSE,120,3,3,"Regular Season","S","N","Normal Game","Final","F","Final","F",FALSE,"F",3,FALSE,FALSE,4,4,10,".286",117,"Houston Astros","/api/v1/teams/117",13,TRUE,FALSE,4,9,4,".692",118,"Kansas City Royals","/api/v1/teams/118",7,"Kauffman Stadium","/api/v1/venues/7","/api/v1/game/746322/content",NA,NA,NA
745029,"f8d1af0c-4f38-4d4d-9c8a-5926d5546ba5","/api/v1.1/game/745029/feed/live","R","2024","2024-04-11T18:35:00Z","2024-04-11",NA,NA,FALSE,1,TRUE,"N","P","N","14-745029-2024-04-11","2024","day",NA,9,FALSE,120,3,3,"Regular Season","S","N","Normal Game","Final","F","Final","F",FALSE,"F",1,TRUE,FALSE,4,5,8,".385",133,"Oakland Athletics","/api/v1/teams/133",0,FALSE,FALSE,4,7,6,".538",140,"Texas Rangers","/api/v1/teams/140",5325,"Globe Life Field","/api/v1/venues/5325","/api/v1/game/745029/content",NA,NA,NA
745601,"5d9eead7-092a-4e69-a88c-fcf77df64162","/api/v1.1/game/745601/feed/live","R","2024","2024-04-11T22:40:00Z","2024-04-11",NA,NA,FALSE,1,TRUE,"N","P","N","14-745601-2024-04-11","2024","night",NA,9,FALSE,120,4,1,"Regular Season","S","N","Normal Game","Final","F","Final","F",FALSE,"F",1,FALSE,FALSE,5,9,4,".692",134,"Pittsburgh Pirates","/api/v1/teams/134",5,TRUE,FALSE,5,7,6,".538",143,"Philadelphia Phillies","/api/v1/teams/143",2681,"Citizens Bank Park","/api/v1/venues/2681","/api/v1/game/745601/content",NA,NA,NA
746977,"4bbb2114-7d2d-4240-8402-c9fb42a076e2","/api/v1.1/game/746977/feed/live","R","2024","2024-04-11T23:10:00Z","2024-04-11",NA,NA,FALSE,1,TRUE,"N","P","N","14-746977-2024-04-11","2024","night",NA,9,FALSE,145,3,3,"Regular Season","S","N","Normal Game","Final","F","Final","F",FALSE,"F",9,TRUE,FALSE,4,8,4,".667",110,"Baltimore Orioles","/api/v1/teams/110",4,FALSE,FALSE,4,7,6,".538",111,"Boston Red Sox","/api/v1/teams/111",3,"Fenway Park","/api/v1/venues/3","/api/v1/game/746977/content",NA,NA,NA
