"person_id","person_full_name","position_type","position_abbreviation","team_id","date"
677950,"Alek Thomas","Outfielder","CF",109,"2023-03-31"
605177,"Andrew Chafin","Pitcher","P",109,"2023-03-31"
672841,"Carlos Vargas","Pitcher","P",109,"2023-03-31"
572233,"Christian Walker","Infielder","1B",109,"2023-03-31"
642121,"Cole Sulser","Pitcher","P",109,"2023-03-31"
682998,"Corbin Carroll","Outfielder","CF",109,"2023-03-31"
686753,"Drey Jameson","Pitcher","P",109,"2023-03-31"
446334,"Evan Longoria","Infielder","3B",109,"2023-03-31"
672515,"Gabriel Moreno","Catcher","C",109,"2023-03-31"
672695,"Geraldo Perdomo","Infielder","SS",109,"2023-03-31"
664983,"Jake McCarthy","Outfielder","RF",109,"2023-03-31"
645444,"Jose Herrera","Catcher","C",109,"2023-03-31"
668942,"Josh Rojas","Infielder","3B",109,"2023-03-31"
606466,"Ketel Marte","Infielder","2B",109,"2023-03-31"
656464,"Kevin Ginkel","Pitcher","P",109,"2023-03-31"
641786,"Kyle Lewis","Outfielder","LF",109,"2023-03-31"
669459,"Kyle Nelson","Pitcher","P",109,"2023-03-31"
666971,"Lourdes Gurriel Jr.","Outfielder","LF",109,"2023-03-31"
518516,"Madison Bumgarner","Pitcher","P",109,"2023-03-31"
518876,"Merrill Kelly","Pitcher","P",109,"2023-03-31"
612434,"Miguel Castro","Pitcher","P",109,"2023-03-31"
605113,"Nick Ahmed","Infielder","SS",109,"2023-03-31"
669194,"Ryne Nelson","Pitcher","P",109,"2023-03-31"
543518,"Scott McGough","Pitcher","P",109,"2023-03-31"
668678,"Zac Gallen","Pitcher","P",109,"2023-03-31"
605200,"Zach Davies","Pitcher","P",109,"2023-03-31"
621345,"A.J. Minter","Pitcher","P",144,"2023-03-31"
663586,"Austin Riley","Infielder","3B",144,"2023-03-31"
450203,"Charlie Morton","Pitcher","P",144,"2023-03-31"
543521,"Collin McHugh","Pitcher","P",144,"2023-03-31"
669276,"Dylan Lee","Pitcher","P",144,"2023-03-31"
592696,"Eddie Rosario","Outfielder","LF",144,"2023-03-31"
501303,"Ehire Adrianza","Infielder","2B",144,"2023-03-31"
694363,"Jared Shuster","Pitcher","P",144,"2023-03-31"
445926,"Jesse Chavez","Pitcher","P",144,"2023-03-31"
641729,"Joe Jimenez","Pitcher","P",144,"2023-03-31"
607680,"Kevin Pillar","Outfielder","LF",144,"2023-03-31"
489446,"Kirby Yates","Pitcher","P",144,"2023-03-31"
476595,"Lucas Luetge","Pitcher","P",144,"2023-03-31"
542303,"Marcell Ozuna","Outfielder","LF",144,"2023-03-31"
621566,"Matt Olson","Infielder","1B",144,"2023-03-31"
608331,"Max Fried","Pitcher","P",144,"2023-03-31"
671739,"Michael Harris II","Outfielder","CF",144,"2023-03-31"
543859,"Michael Tonkin","Pitcher","P",144,"2023-03-31"
623433,"Nick Anderson","Pitcher","P",144,"2023-03-31"
606115,"Orlando Arcia","Infielder","SS",144,"2023-03-31"
645277,"Ozzie Albies","Infielder","2B",144,"2023-03-31"
660670,"Ronald Acuna Jr.","Outfielder","RF",144,"2023-03-31"
656541,"Sam Hilliard","Outfielder","CF",144,"2023-03-31"
669221,"Sean Murphy","Catcher","C",144,"2023-03-31"
675911,"Spencer Strider","Pitcher","P",144,"2023-03-31"
518595,"Travis d'Arnaud","Catcher","C",144,"2023-03-31"
624428,"Adam Frazier","Infielder","2B",110,"2023-03-31"
668939,"Adley Rutschman","Catcher","C",110,"2023-03-31"
621532,"Anthony Bemboom","Catcher","C",110,"2023-03-31"
623993,"Anthony Santander","Outfielder","RF",110,"2023-03-31"
669720,"Austin Hays","Outfielder","CF",110,"2023-03-31"
608723,"Austin Voth","Pitcher","P",110,"2023-03-31"
641329,"Bryan Baker","Pitcher","P",110,"2023-03-31"
656775,"Cedric Mullins","Outfielder","CF",110,"2023-03-31"
672335,"Cionel Perez","Pitcher","P",110,"2023-03-31"
608344,"Cole Irvin","Pitcher","P",110,"2023-03-31"
543056,"Danny Coulombe","Pitcher","P",110,"2023-03-31"
665152,"Dean Kremer","Pitcher","P",110,"2023-03-31"
642585,"Felix Bautista","Pitcher","P",110,"2023-03-31"
683002,"Gunnar Henderson","Infielder","SS",110,"2023-03-31"
622761,"Jorge Mateo","Infielder","SS",110,"2023-03-31"
669211,"Keegan Akin","Pitcher","P",110,"2023-03-31"
680694,"Kyle Bradish","Pitcher","P",110,"2023-03-31"
502043,"Kyle Gibson","Pitcher","P",110,"2023-03-31"
669065,"Kyle Stowers","Outfielder","LF",110,"2023-03-31"
670810,"Logan Gillaspie","Pitcher","P",110,"2023-03-31"
657508,"Mike Baumann","Pitcher","P",110,"2023-03-31"
602104,"Ramon Urias","Infielder","3B",110,"2023-03-31"
663630,"Ryan McKenna","Outfielder","CF",110,"2023-03-31"
663624,"Ryan Mountcastle","Infielder","1B",110,"2023-03-31"
679631,"Terrin Vavra","Infielder","2B",110,"2023-03-31"
669330,"Tyler Wells","Pitcher","P",110,"2023-03-31"
594807,"Adam Duvall","Outfielder","CF",111,"2023-03-31"
657077,"Alex Verdugo","Outfielder","RF",111,"2023-03-31"
455119,"Chris Martin","Pitcher","P",111,"2023-03-31"
519242,"Chris Sale","Pitcher","P",111,"2023-03-31"
624414,"Christian Arroyo","Infielder","2B",111,"2023-03-31"
657136,"Connor Wong","Catcher","C",111,"2023-03-31"
446372,"Corey Kluber","Pitcher","P",111,"2023-03-31"
571771,"Enrique Hernandez","Infielder","SS",111,"2023-03-31"
670167,"John Schreiber","Pitcher","P",111,"2023-03-31"
670174,"Josh Winckowski","Pitcher","P",111,"2023-03-31"
457759,"Justin Turner","Infielder","1B",111,"2023-03-31"
672391,"Kaleb Ort","Pitcher","P",111,"2023-03-31"
445276,"Kenley Jansen","Pitcher","P",111,"2023-03-31"
676710,"Kutter Crawford","Pitcher","P",111,"2023-03-31"
807799,"Masataka Yoshida","Outfielder","LF",111,"2023-03-31"
601713,"Nick Pivetta","Pitcher","P",111,"2023-03-31"
646240,"Rafael Devers","Infielder","3B",111,"2023-03-31"
606132,"Raimel Tapia","Outfielder","LF",111,"2023-03-31"
624512,"Reese McGuire","Catcher","C",111,"2023-03-31"
542947,"Richard Bleier","Pitcher","P",111,"2023-03-31"
608701,"Rob Refsnyder","Outfielder","RF",111,"2023-03-31"
518489,"Ryan Brasier","Pitcher","P",111,"2023-03-31"
656557,"Tanner Houck","Pitcher","P",111,"2023-03-31"
671213,"Triston Casas","Infielder","1B",111,"2023-03-31"
644374,"Yu Chang","Infielder","2B",111,"2023-03-31"
677161,"Zack Kelly","Pitcher","P",111,"2023-03-31"
640470,"Adbert Alzolay","Pitcher","P",112,"2023-03-31"
502202,"Brad Boxberger","Pitcher","P",112,"2023-03-31"
641355,"Cody Bellinger","Outfielder","CF",112,"2023-03-31"
621020,"Dansby Swanson","Infielder","SS",112,"2023-03-31"
592767,"Drew Smyly","Pitcher","P",112,"2023-03-31"
621458,"Edwin Rios","Infielder","3B",112,"2023-03-31"
543333,"Eric Hosmer","Infielder","1B",112,"2023-03-31"
669713,"Hayden Wesneski","Pitcher","P",112,"2023-03-31"
664023,"Ian Happ","Outfielder","LF",112,"2023-03-31"
592791,"Jameson Taillon","Pitcher","P",112,"2023-03-31"
665871,"Javier Assad","Pitcher","P",112,"2023-03-31"
657240,"Julian Merryweather","Pitcher","P",112,"2023-03-31"
657006,"Justin Steele","Pitcher","P",112,"2023-03-31"
624522,"Keegan Thompson","Pitcher","P",112,"2023-03-31"
620443,"Luis Torrens","Catcher","C",112,"2023-03-31"
573186,"Marcus Stroman","Pitcher","P",112,"2023-03-31"
643410,"Mark Leiter Jr.","Pitcher","P",112,"2023-03-31"
605242,"Michael Fulmer","Pitcher","P",112,"2023-03-31"
621074,"Michael Rucker","Pitcher","P",112,"2023-03-31"
670156,"Miles Mastrobuoni","Infielder","SS",112,"2023-03-31"
663611,"Nick Madrigal","Infielder","3B",112,"2023-03-31"
663538,"Nico Hoerner","Infielder","2B",112,"2023-03-31"
621550,"Patrick Wisdom","Infielder","3B",112,"2023-03-31"
641820,"Trey Mancini","Infielder","1B",112,"2023-03-31"
571466,"Tucker Barnhart","Catcher","C",112,"2023-03-31"
543228,"Yan Gomes","Catcher","C",112,"2023-03-31"
607481,"Aaron Bummer","Pitcher","P",145,"2023-03-31"
643217,"Andrew Benintendi","Outfielder","LF",145,"2023-03-31"
683734,"Andrew Vaughn","Infielder","1B",145,"2023-03-31"
656302,"Dylan Cease","Pitcher","P",145,"2023-03-31"
650391,"Eloy Jimenez","Outfielder","RF",145,"2023-03-31"
462101,"Elvis Andrus","Infielder","2B",145,"2023-03-31"
657757,"Gavin Sheets","Infielder","1B",145,"2023-03-31"
666619,"Gregory Santos","Pitcher","P",145,"2023-03-31"
593643,"Hanser Alberto","Infielder","SS",145,"2023-03-31"
518617,"Jake Diekman","Pitcher","P",145,"2023-03-31"
669424,"Jimmy Lambert","Pitcher","P",145,"2023-03-31"
523260,"Joe Kelly","Pitcher","P",145,"2023-03-31"
614179,"Jose Ruiz","Pitcher","P",145,"2023-03-31"
608665,"Kendall Graveman","Pitcher","P",145,"2023-03-31"
458681,"Lance Lynn","Pitcher","P",145,"2023-03-31"
608337,"Lucas Giolito","Pitcher","P",145,"2023-03-31"
673357,"Luis Robert Jr.","Outfielder","CF",145,"2023-03-31"
656629,"Michael Kopech","Pitcher","P",145,"2023-03-31"
605182,"Mike Clevinger","Pitcher","P",145,"2023-03-31"
693049,"Oscar Colas","Outfielder","OF",145,"2023-03-31"
625643,"Reynaldo Lopez","Pitcher","P",145,"2023-03-31"
663853,"Romy Gonzalez","Infielder","2B",145,"2023-03-31"
664874,"Seby Zavala","Catcher","C",145,"2023-03-31"
641313,"Tim Anderson","Infielder","SS",145,"2023-03-31"
518735,"Yasmani Grandal","Catcher","C",145,"2023-03-31"
660162,"Yoan Moncada","Infielder","3B",145,"2023-03-31"
622065,"Alex Young","Pitcher","P",113,"2023-03-31"
664747,"Alexis Diaz","Pitcher","P",113,"2023-03-31"
571656,"Buck Farmer","Pitcher","P",113,"2023-03-31"
656818,"Connor Overton","Pitcher","P",113,"2023-03-31"
592200,"Curt Casali","Catcher","C",113,"2023-03-31"
571882,"Derek Law","Pitcher","P",113,"2023-03-31"
518585,"Fernando Cruz","Pitcher","P",113,"2023-03-31"
668933,"Graham Ashcraft","Pitcher","P",113,"2023-03-31"
668881,"Hunter Greene","Pitcher","P",113,"2023-03-31"
664139,"Ian Gibaut","Pitcher","P",113,"2023-03-31"
641584,"Jake Fraley","Outfielder","LF",113,"2023-03-31"
613564,"Jason Vosler","Infielder","3B",113,"2023-03-31"
669270,"Joel Kuhnel","Pitcher","P",113,"2023-03-31"
663697,"Jonathan India","Infielder","2B",113,"2023-03-31"
676480,"Jose Barrero","Infielder","SS",113,"2023-03-31"
621028,"Kevin Newman","Infielder","SS",113,"2023-03-31"
570666,"Luis Cessa","Pitcher","P",113,"2023-03-31"
571912,"Luke Maile","Catcher","C",113,"2023-03-31"
666157,"Nick Lodolo","Pitcher","P",113,"2023-03-31"
665665,"Reiver Sanmartin","Pitcher","P",113,"2023-03-31"
668715,"Spencer Steer","Infielder","3B",113,"2023-03-31"
656413,"Stuart Fairchild","Outfielder","LF",113,"2023-03-31"
670770,"TJ Friedl","Outfielder","CF",113,"2023-03-31"
663886,"Tyler Stephenson","Catcher","C",113,"2023-03-31"
571976,"Wil Myers","Outfielder","RF",113,"2023-03-31"
666181,"Will Benson","Outfielder","CF",113,"2023-03-31"
650644,"Aaron Civale","Pitcher","P",114,"2023-03-31"
642708,"Amed Rosario","Infielder","SS",114,"2023-03-31"
665926,"Andres Gimenez","Infielder","2B",114,"2023-03-31"
615698,"Cal Quantrill","Pitcher","P",114,"2023-03-31"
595956,"Cam Gallagher","Catcher","C",114,"2023-03-31"
669212,"Eli Morgan","Pitcher","P",114,"2023-03-31"
661403,"Emmanuel Clase","Pitcher","P",114,"2023-03-31"
660853,"Enyel De Los Santos","Pitcher","P",114,"2023-03-31"
672356,"Gabriel Arias","Infielder","2B",114,"2023-03-31"
683769,"Hunter Gaddis","Pitcher","P",114,"2023-03-31"
675916,"James Karinchak","Pitcher","P",114,"2023-03-31"
608070,"Jose Ramirez","Infielder","3B",114,"2023-03-31"
605137,"Josh Bell","Infielder","1B",114,"2023-03-31"
647304,"Josh Naylor","Infielder","1B",114,"2023-03-31"
650619,"Meibrys Viloria","Catcher","C",114,"2023-03-31"
572287,"Mike Zunino","Catcher","C",114,"2023-03-31"
664702,"Myles Straw","Outfielder","CF",114,"2023-03-31"
680704,"Nick Sandlin","Pitcher","P",114,"2023-03-31"
660757,"Oscar Gonzalez","Outfielder","RF",114,"2023-03-31"
669456,"Shane Bieber","Pitcher","P",114,"2023-03-31"
680757,"Steven Kwan","Outfielder","LF",114,"2023-03-31"
682120,"Tim Herrin","Pitcher","P",114,"2023-03-31"
663986,"Trevor Stephan","Pitcher","P",114,"2023-03-31"
686823,"Will Brennan","Outfielder","RF",114,"2023-03-31"
675540,"Xzavion Curry","Pitcher","P",114,"2023-03-31"
668676,"Zach Plesac","Pitcher","P",114,"2023-03-31"
676701,"Alan Trejo","Infielder","SS",115,"2023-03-31"
596295,"Austin Gomber","Pitcher","P",115,"2023-03-31"
543272,"Brad Hand","Pitcher","P",115,"2023-03-31"
608718,"Brent Suter","Pitcher","P",115,"2023-03-31"
661531,"Brian Serven","Catcher","C",115,"2023-03-31"
543068,"C.J. Cron","Infielder","1B",115,"2023-03-31"
453568,"Charlie Blackmon","Outfielder","RF",115,"2023-03-31"
657756,"Connor Seabold","Pitcher","P",115,"2023-03-31"
659275,"Dinelson Lamet","Pitcher","P",115,"2023-03-31"
660707,"Elehuris Montero","Infielder","3B",115,"2023-03-31"
553869,"Elias Diaz","Catcher","C",115,"2023-03-31"
678662,"Ezequiel Tovar","Infielder","SS",115,"2023-03-31"
608566,"German Marquez","Pitcher","P",115,"2023-03-31"
605612,"Harold Castro","Outfielder","LF",115,"2023-03-31"
656234,"Jake Bird","Pitcher","P",115,"2023-03-31"
570632,"Jose Urena","Pitcher","P",115,"2023-03-31"
595777,"Jurickson Profar","Outfielder","LF",115,"2023-03-31"
664875,"Justin Lawrence","Pitcher","P",115,"2023-03-31"
592178,"Kris Bryant","Outfielder","RF",115,"2023-03-31"
607536,"Kyle Freeland","Pitcher","P",115,"2023-03-31"
519058,"Mike Moustakas","Infielder","1B",115,"2023-03-31"
572955,"Pierce Johnson","Pitcher","P",115,"2023-03-31"
663372,"Ryan Feltner","Pitcher","P",115,"2023-03-31"
641857,"Ryan McMahon","Infielder","2B",115,"2023-03-31"
621389,"Ty Blach","Pitcher","P",115,"2023-03-31"
602074,"Yonathan Daza","Outfielder","CF",115,"2023-03-31"
656638,"Alex Lange","Pitcher","P",116,"2023-03-31"
640457,"Austin Meadows","Outfielder","RF",116,"2023-03-31"
592741,"Chasen Shreve","Pitcher","P",116,"2023-03-31"
593958,"Eduardo Rodriguez","Pitcher","P",116,"2023-03-31"
606992,"Eric Haase","Catcher","C",116,"2023-03-31"
682051,"Garrett Hill","Pitcher","P",116,"2023-03-31"
668670,"Jake Rogers","Catcher","C",116,"2023-03-31"
671345,"Jason Foley","Pitcher","P",116,"2023-03-31"
595879,"Javier Baez","Infielder","SS",116,"2023-03-31"
666214,"Joey Wentz","Pitcher","P",116,"2023-03-31"
570731,"Jonathan Schoop","Infielder","3B",116,"2023-03-31"
542585,"Jose Cisnero","Pitcher","P",116,"2023-03-31"
681481,"Kerry Carpenter","Outfielder","LF",116,"2023-03-31"
669438,"Mason Englert","Pitcher","P",116,"2023-03-31"
666159,"Matt Manning","Pitcher","P",116,"2023-03-31"
663837,"Matt Vierling","Outfielder","CF",116,"2023-03-31"
571510,"Matthew Boyd","Pitcher","P",116,"2023-03-31"
408234,"Miguel Cabrera","Hitter","DH",116,"2023-03-31"
665155,"Nick Maton","Infielder","3B",116,"2023-03-31"
682985,"Riley Greene","Outfielder","CF",116,"2023-03-31"
668952,"Ryan Kreidler","Infielder","SS",116,"2023-03-31"
679529,"Spencer Torkelson","Infielder","1B",116,"2023-03-31"
605513,"Spencer Turnbull","Pitcher","P",116,"2023-03-31"
622259,"Trey Wingenter","Pitcher","P",116,"2023-03-31"
641302,"Tyler Alexander","Pitcher","P",116,"2023-03-31"
656716,"Zach McKinstry","Infielder","3B",116,"2023-03-31"
608324,"Alex Bregman","Infielder","3B",117,"2023-03-31"
650556,"Bryan Abreu","Pitcher","P",117,"2023-03-31"
663967,"Cesar Salazar","Catcher","C",117,"2023-03-31"
676801,"Chas McCormick","Outfielder","CF",117,"2023-03-31"
667452,"Corey Julks","Outfielder","RF",117,"2023-03-31"
664299,"Cristian Javier","Pitcher","P",117,"2023-03-31"
682073,"David Hensley","Infielder","1B",117,"2023-03-31"
664285,"Framber Valdez","Pitcher","P",117,"2023-03-31"
593576,"Hector Neris","Pitcher","P",117,"2023-03-31"
686613,"Hunter Brown","Pitcher","P",117,"2023-03-31"
676694,"Jake Meyers","Outfielder","CF",117,"2023-03-31"
665161,"Jeremy Pena","Infielder","SS",117,"2023-03-31"
547989,"Jose Abreu","Infielder","1B",117,"2023-03-31"
664353,"Jose Urquidy","Pitcher","P",117,"2023-03-31"
663656,"Kyle Tucker","Outfielder","RF",117,"2023-03-31"
677651,"Luis Garcia","Pitcher","P",117,"2023-03-31"
455117,"Martin Maldonado","Catcher","C",117,"2023-03-31"
643289,"Mauricio Dubon","Infielder","2B",117,"2023-03-31"
664208,"Phil Maton","Pitcher","P",117,"2023-03-31"
606160,"Rafael Montero","Pitcher","P",117,"2023-03-31"
669854,"Ronel Blanco","Pitcher","P",117,"2023-03-31"
519151,"Ryan Pressly","Pitcher","P",117,"2023-03-31"
592773,"Ryne Stanek","Pitcher","P",117,"2023-03-31"
661527,"Seth Martinez","Pitcher","P",117,"2023-03-31"
673237,"Yainer Diaz","Catcher","C",117,"2023-03-31"
670541,"Yordan Alvarez","Outfielder","LF",117,"2023-03-31"
607237,"Amir Garrett","Pitcher","P",118,"2023-03-31"
547973,"Aroldis Chapman","Pitcher","P",118,"2023-03-31"
677951,"Bobby Witt Jr.","Infielder","SS",118,"2023-03-31"
641745,"Brad Keller","Pitcher","P",118,"2023-03-31"
663903,"Brady Singer","Pitcher","P",118,"2023-03-31"
672578,"Carlos Hernandez","Pitcher","P",118,"2023-03-31"
669395,"Dylan Coleman","Pitcher","P",118,"2023-03-31"
658668,"Edward Olivares","Outfielder","LF",118,"2023-03-31"
614177,"Franmil Reyes","Outfielder","OF",118,"2023-03-31"
641531,"Hunter Dozier","Infielder","3B",118,"2023-03-31"
598265,"Jackie Bradley Jr.","Outfielder","CF",118,"2023-03-31"
543475,"Jordan Lyles","Pitcher","P",118,"2023-03-31"
621016,"Jose Cuas","Pitcher","P",118,"2023-03-31"
663460,"Kris Bubic","Pitcher","P",118,"2023-03-31"
664728,"Kyle Isbel","Outfielder","CF",118,"2023-03-31"
669004,"MJ Melendez","Catcher","C",118,"2023-03-31"
622110,"Matt Duffy","Infielder","3B",118,"2023-03-31"
686681,"Michael Massey","Infielder","2B",118,"2023-03-31"
681987,"Nate Eaton","Infielder","2B",118,"2023-03-31"
670032,"Nicky Lopez","Infielder","SS",118,"2023-03-31"
642232,"Ryan Yarbrough","Pitcher","P",118,"2023-03-31"
521692,"Salvador Perez","Catcher","C",118,"2023-03-31"
605130,"Scott Barlow","Pitcher","P",118,"2023-03-31"
664199,"Taylor Clarke","Pitcher","P",118,"2023-03-31"
686469,"Vinnie Pasquantino","Infielder","1B",118,"2023-03-31"
425844,"Zack Greinke","Pitcher","P",118,"2023-03-31"
571901,"Aaron Loup","Pitcher","P",108,"2023-03-31"
681806,"Andrew Wantz","Pitcher","P",108,"2023-03-31"
543685,"Anthony Rendon","Infielder","3B",108,"2023-03-31"
592273,"Brandon Drury","Infielder","2B",108,"2023-03-31"
621433,"Brett Phillips","Outfielder","CF",108,"2023-03-31"
608032,"Carlos Estevez","Pitcher","P",108,"2023-03-31"
664058,"David Fletcher","Infielder","SS",108,"2023-03-31"
570482,"Gio Urshela","Infielder","SS",108,"2023-03-31"
592669,"Hunter Renfroe","Outfielder","RF",108,"2023-03-31"
642545,"Jaime Barria","Pitcher","P",108,"2023-03-31"
571875,"Jake Lamb","Outfielder","LF",108,"2023-03-31"
623474,"Jimmy Herget","Pitcher","P",108,"2023-03-31"
650671,"Jose Quijada","Pitcher","P",108,"2023-03-31"
660761,"Jose Suarez","Pitcher","P",108,"2023-03-31"
681351,"Logan O'Hoppe","Catcher","C",108,"2023-03-31"
650859,"Luis Rengifo","Infielder","2B",108,"2023-03-31"
519043,"Matt Moore","Pitcher","P",108,"2023-03-31"
642136,"Matt Thaiss","Catcher","C",108,"2023-03-31"
545361,"Mike Trout","Outfielder","CF",108,"2023-03-31"
663776,"Patrick Sandoval","Pitcher","P",108,"2023-03-31"
672282,"Reid Detmers","Pitcher","P",108,"2023-03-31"
572193,"Ryan Tepera","Pitcher","P",108,"2023-03-31"
660271,"Shohei Ohtani","Two-Way Player","TWP",108,"2023-03-31"
621493,"Taylor Ward","Outfielder","LF",108,"2023-03-31"
656353,"Tucker Davidson","Pitcher","P",108,"2023-03-31"
542881,"Tyler Anderson","Pitcher","P",108,"2023-03-31"
681911,"Alex Vesia","Pitcher","P",119,"2023-03-31"
656578,"Andre Jackson","Pitcher","P",119,"2023-03-31"
605131,"Austin Barnes","Catcher","C",119,"2023-03-31"
660813,"Brusdar Graterol","Pitcher","P",119,"2023-03-31"
657571,"Caleb Ferguson","Pitcher","P",119,"2023-03-31"
621035,"Chris Taylor","Outfielder","LF",119,"2023-03-31"
477132,"Clayton Kershaw","Pitcher","P",119,"2023-03-31"
444482,"David Peralta","Outfielder","LF",119,"2023-03-31"
669160,"Dustin May","Pitcher","P",119,"2023-03-31"
623465,"Evan Phillips","Pitcher","P",119,"2023-03-31"
518692,"Freddie Freeman","Infielder","1B",119,"2023-03-31"
502110,"J.D. Martinez","Outfielder","LF",119,"2023-03-31"
681546,"James Outman","Outfielder","CF",119,"2023-03-31"
518792,"Jason Heyward","Outfielder","CF",119,"2023-03-31"
628711,"Julio Urias","Pitcher","P",119,"2023-03-31"
571970,"Max Muncy","Infielder","3B",119,"2023-03-31"
675627,"Michael Grove","Pitcher","P",119,"2023-03-31"
500743,"Miguel Rojas","Infielder","SS",119,"2023-03-31"
678246,"Miguel Vargas","Infielder","2B",119,"2023-03-31"
605141,"Mookie Betts","Outfielder","RF",119,"2023-03-31"
592789,"Noah Syndergaard","Pitcher","P",119,"2023-03-31"
641360,"Phil Bickford","Pitcher","P",119,"2023-03-31"
571946,"Shelby Miller","Pitcher","P",119,"2023-03-31"
572204,"Trayce Thompson","Outfielder","CF",119,"2023-03-31"
669257,"Will Smith","Catcher","C",119,"2023-03-31"
622075,"Yency Almonte","Pitcher","P",119,"2023-03-31"
640462,"A.J. Puk","Pitcher","P",146,"2023-03-31"
677053,"Andrew Nardi","Pitcher","P",146,"2023-03-31"
541645,"Avisail Garcia","Outfielder","RF",146,"2023-03-31"
666129,"Braxton Garrett","Pitcher","P",146,"2023-03-31"
650559,"Bryan De La Cruz","Outfielder","LF",146,"2023-03-31"
571670,"Dylan Floro","Pitcher","P",146,"2023-03-31"
665795,"Edward Cabrera","Pitcher","P",146,"2023-03-31"
643265,"Garrett Cooper","Infielder","1B",146,"2023-03-31"
623211,"Huascar Brazoban","Pitcher","P",146,"2023-03-31"
608638,"JT Chargois","Pitcher","P",146,"2023-03-31"
607732,"Jacob Stallings","Catcher","C",146,"2023-03-31"
665862,"Jazz Chisholm Jr.","Outfielder","CF",146,"2023-03-31"
516416,"Jean Segura","Infielder","3B",146,"2023-03-31"
666200,"Jesus Luzardo","Pitcher","P",146,"2023-03-31"
660821,"Jesus Sanchez","Outfielder","RF",146,"2023-03-31"
621563,"Joey Wendle","Infielder","SS",146,"2023-03-31"
456501,"Johnny Cueto","Pitcher","P",146,"2023-03-31"
542932,"Jon Berti","Infielder","3B",146,"2023-03-31"
624585,"Jorge Soler","Outfielder","LF",146,"2023-03-31"
650333,"Luis Arraez","Infielder","2B",146,"2023-03-31"
598264,"Matt Barnes","Pitcher","P",146,"2023-03-31"
663743,"Nick Fortes","Catcher","C",146,"2023-03-31"
645261,"Sandy Alcantara","Pitcher","P",146,"2023-03-31"
656945,"Tanner Scott","Pitcher","P",146,"2023-03-31"
669432,"Trevor Rogers","Pitcher","P",146,"2023-03-31"
493329,"Yuli Gurriel","Infielder","1B",146,"2023-03-31"
605540,"Brandon Woodruff","Pitcher","P",158,"2023-03-31"
605119,"Brian Anderson","Infielder","3B",158,"2023-03-31"
668930,"Brice Turang","Infielder","SS",158,"2023-03-31"
669060,"Bryse Wilson","Pitcher","P",158,"2023-03-31"
592885,"Christian Yelich","Outfielder","LF",158,"2023-03-31"
669203,"Corbin Burnes","Pitcher","P",158,"2023-03-31"
642207,"Devin Williams","Pitcher","P",158,"2023-03-31"
641778,"Eric Lauer","Pitcher","P",158,"2023-03-31"
642547,"Freddy Peralta","Pitcher","P",158,"2023-03-31"
669003,"Garrett Mitchell","Outfielder","CF",158,"2023-03-31"
681402,"Gus Varland","Pitcher","P",158,"2023-03-31"
571948,"Hoby Milner","Pitcher","P",158,"2023-03-31"
642770,"Javy Guerra","Pitcher","P",158,"2023-03-31"
608385,"Jesse Winker","Outfielder","LF",158,"2023-03-31"
606303,"Joel Payamps","Pitcher","P",158,"2023-03-31"
649966,"Luis Urias","Infielder","2B",158,"2023-03-31"
572228,"Luke Voit","Infielder","1B",158,"2023-03-31"
456713,"Matt Bush","Pitcher","P",158,"2023-03-31"
670712,"Mike Brosseau","Infielder","3B",158,"2023-03-31"
680911,"Owen Miller","Infielder","1B",158,"2023-03-31"
657265,"Peter Strzelecki","Pitcher","P",158,"2023-03-31"
642133,"Rowdy Tellez","Infielder","1B",158,"2023-03-31"
605170,"Victor Caratini","Catcher","C",158,"2023-03-31"
489119,"Wade Miley","Pitcher","P",158,"2023-03-31"
661388,"William Contreras","Catcher","C",158,"2023-03-31"
642715,"Willy Adames","Infielder","SS",158,"2023-03-31"
621439,"Byron Buxton","Outfielder","CF",142,"2023-03-31"
573204,"Caleb Thielbar","Pitcher","P",142,"2023-03-31"
621043,"Carlos Correa","Infielder","SS",142,"2023-03-31"
543877,"Christian Vazquez","Catcher","C",142,"2023-03-31"
663485,"Cole Sands","Pitcher","P",142,"2023-03-31"
456781,"Donovan Solano","Infielder","2B",142,"2023-03-31"
641941,"Emilio Pagan","Pitcher","P",142,"2023-03-31"
643377,"Griffin Jax","Pitcher","P",142,"2023-03-31"
661395,"Jhoan Duran","Pitcher","P",142,"2023-03-31"
657746,"Joe Ryan","Pitcher","P",142,"2023-03-31"
608336,"Joey Gallo","Outfielder","OF",142,"2023-03-31"
660896,"Jorge Alcala","Pitcher","P",142,"2023-03-31"
605347,"Jorge Lopez","Pitcher","P",142,"2023-03-31"
669304,"Jose Miranda","Infielder","1B",142,"2023-03-31"
663558,"Jovani Moran","Pitcher","P",142,"2023-03-31"
628317,"Kenta Maeda","Pitcher","P",142,"2023-03-31"
571657,"Kyle Farmer","Infielder","3B",142,"2023-03-31"
596146,"Max Kepler","Outfielder","RF",142,"2023-03-31"
572191,"Michael A. Taylor","Outfielder","CF",142,"2023-03-31"
624503,"Nick Gordon","Infielder","2B",142,"2023-03-31"
641154,"Pablo Lopez","Pitcher","P",142,"2023-03-31"
680777,"Ryan Jeffers","Catcher","C",142,"2023-03-31"
543243,"Sonny Gray","Pitcher","P",142,"2023-03-31"
663616,"Trevor Larnach","Outfielder","LF",142,"2023-03-31"
641816,"Tyler Mahle","Pitcher","P",142,"2023-03-31"
650489,"Willi Castro","Outfielder","RF",142,"2023-03-31"
493603,"Adam Ottavino","Pitcher","P",121,"2023-03-31"
607043,"Brandon Nimmo","Outfielder","CF",121,"2023-03-31"
548384,"Brooks Raley","Pitcher","P",121,"2023-03-31"
471911,"Carlos Carrasco","Pitcher","P",121,"2023-03-31"
596129,"Daniel Vogelbach","Hitter","DH",121,"2023-03-31"
656849,"David Peterson","Pitcher","P",121,"2023-03-31"
502085,"David Robertson","Pitcher","P",121,"2023-03-31"
642701,"Dennis Santana","Pitcher","P",121,"2023-03-31"
622098,"Drew Smith","Pitcher","P",121,"2023-03-31"
500871,"Eduardo Escobar","Infielder","3B",121,"2023-03-31"
596019,"Francisco Lindor","Infielder","SS",121,"2023-03-31"
643446,"Jeff McNeil","Infielder","2B",121,"2023-03-31"
595928,"John Curtiss","Pitcher","P",121,"2023-03-31"
673540,"Kodai Senga","Pitcher","P",121,"2023-03-31"
641645,"Luis Guillorme","Infielder","SS",121,"2023-03-31"
592192,"Mark Canha","Outfielder","LF",121,"2023-03-31"
453286,"Max Scherzer","Pitcher","P",121,"2023-03-31"
553882,"Omar Narvaez","Catcher","C",121,"2023-03-31"
624413,"Pete Alonso","Infielder","1B",121,"2023-03-31"
516782,"Starling Marte","Outfielder","RF",121,"2023-03-31"
668665,"Stephen Nogosek","Pitcher","P",121,"2023-03-31"
641796,"Tim Locastro","Outfielder","CF",121,"2023-03-31"
621512,"Tomas Nido","Catcher","C",121,"2023-03-31"
488984,"Tommy Hunter","Pitcher","P",121,"2023-03-31"
502054,"Tommy Pham","Outfielder","CF",121,"2023-03-31"
656731,"Tylor Megill","Pitcher","P",121,"2023-03-31"
543305,"Aaron Hicks","Outfielder","LF",147,"2023-03-31"
592450,"Aaron Judge","Outfielder","RF",147,"2023-03-31"
656061,"Albert Abreu","Pitcher","P",147,"2023-03-31"
519203,"Anthony Rizzo","Infielder","1B",147,"2023-03-31"
683011,"Anthony Volpe","Infielder","SS",147,"2023-03-31"
657376,"Clarke Schmidt","Pitcher","P",147,"2023-03-31"
605280,"Clay Holmes","Pitcher","P",147,"2023-03-31"
518934,"DJ LeMahieu","Infielder","2B",147,"2023-03-31"
593334,"Domingo German","Pitcher","P",147,"2023-03-31"
664314,"Estevan Florial","Outfielder","RF",147,"2023-03-31"
614173,"Franchy Cordero","Outfielder","OF",147,"2023-03-31"
543037,"Gerrit Cole","Pitcher","P",147,"2023-03-31"
519317,"Giancarlo Stanton","Outfielder","RF",147,"2023-03-31"
650402,"Gleyber Torres","Infielder","2B",147,"2023-03-31"
643396,"Isiah Kiner-Falefa","Infielder","SS",147,"2023-03-31"
666745,"Jhony Brito","Pitcher","P",147,"2023-03-31"
622772,"Jimmy Cordero","Pitcher","P",147,"2023-03-31"
642528,"Jonathan Loaisiga","Pitcher","P",147,"2023-03-31"
624431,"Jose Trevino","Catcher","C",147,"2023-03-31"
518626,"Josh Donaldson","Infielder","3B",147,"2023-03-31"
543309,"Kyle Higashioka","Catcher","C",147,"2023-03-31"
650633,"Michael King","Pitcher","P",147,"2023-03-31"
641482,"Nestor Cortes","Pitcher","P",147,"2023-03-31"
665828,"Oswaldo Cabrera","Infielder","3B",147,"2023-03-31"
676760,"Ron Marinaccio","Pitcher","P",147,"2023-03-31"
593974,"Wandy Peralta","Pitcher","P",147,"2023-03-31"
670124,"Adam Oller","Pitcher","P",133,"2023-03-31"
661309,"Adrian Martinez","Pitcher","P",133,"2023-03-31"
649557,"Aledmys Diaz","Infielder","SS",133,"2023-03-31"
667670,"Brent Rooker","Outfielder","LF",133,"2023-03-31"
542208,"Carlos Perez","Catcher","C",133,"2023-03-31"
668843,"Conner Capel","Outfielder","RF",133,"2023-03-31"
666204,"Dany Jimenez","Pitcher","P",133,"2023-03-31"
642758,"Domingo Acevedo","Pitcher","P",133,"2023-03-31"
665923,"Esteury Ruiz","Outfielder","CF",133,"2023-03-31"
676664,"JP Sears","Pitcher","P",133,"2023-03-31"
607054,"Jace Peterson","Infielder","3B",133,"2023-03-31"
621076,"James Kaprielian","Pitcher","P",133,"2023-03-31"
542583,"Jesus Aguilar","Infielder","1B",133,"2023-03-31"
544727,"Jeurys Familia","Pitcher","P",133,"2023-03-31"
686610,"Ken Waldichuk","Pitcher","P",133,"2023-03-31"
666205,"Kyle Muller","Pitcher","P",133,"2023-03-31"
669397,"Nick Allen","Infielder","SS",133,"2023-03-31"
657656,"Ramon Laureano","Outfielder","RF",133,"2023-03-31"
676116,"Ryan Noda","Infielder","1B",133,"2023-03-31"
594580,"Sam Moll","Pitcher","P",133,"2023-03-31"
664913,"Seth Brown","Outfielder","LF",133,"2023-03-31"
669127,"Shea Langeliers","Catcher","C",133,"2023-03-31"
660261,"Shintaro Fujinami","Pitcher","P",133,"2023-03-31"
643393,"Tony Kemp","Infielder","2B",133,"2023-03-31"
543507,"Trevor May","Pitcher","P",133,"2023-03-31"
667427,"Zach Jackson","Pitcher","P",133,"2023-03-31"
605400,"Aaron Nola","Pitcher","P",143,"2023-03-31"
664761,"Alec Bohm","Infielder","3B",143,"2023-03-31"
571479,"Andrew Bellatti","Pitcher","P",143,"2023-03-31"
607755,"Andrew Vasquez","Pitcher","P",143,"2023-03-31"
663559,"Bailey Falter","Pitcher","P",143,"2023-03-31"
669016,"Brandon Marsh","Outfielder","CF",143,"2023-03-31"
681082,"Bryson Stott","Infielder","2B",143,"2023-03-31"
641401,"Connor Brogdon","Pitcher","P",143,"2023-03-31"
518886,"Craig Kimbrel","Pitcher","P",143,"2023-03-31"
656495,"Dalton Guthrie","Outfielder","CF",143,"2023-03-31"
669742,"Darick Hall","Infielder","1B",143,"2023-03-31"
624641,"Edmundo Sosa","Infielder","SS",143,"2023-03-31"
596117,"Garrett Stubbs","Catcher","C",143,"2023-03-31"
642397,"Gregory Soto","Pitcher","P",143,"2023-03-31"
592663,"J.T. Realmuto","Catcher","C",143,"2023-03-31"
595909,"Jake Cave","Outfielder","LF",143,"2023-03-31"
621237,"Jose Alvarado","Pitcher","P",143,"2023-03-31"
543281,"Josh Harrison","Infielder","2B",143,"2023-03-31"
656941,"Kyle Schwarber","Outfielder","LF",143,"2023-03-31"
621381,"Matt Strahm","Pitcher","P",143,"2023-03-31"
592206,"Nick Castellanos","Outfielder","RF",143,"2023-03-31"
622554,"Seranthony Dominguez","Pitcher","P",143,"2023-03-31"
592836,"Taijuan Walker","Pitcher","P",143,"2023-03-31"
607208,"Trea Turner","Infielder","SS",143,"2023-03-31"
628708,"Yunior Marte","Pitcher","P",143,"2023-03-31"
554430,"Zack Wheeler","Pitcher","P",143,"2023-03-31"
457705,"Andrew McCutchen","Outfielder","RF",134,"2023-03-31"
595978,"Austin Hedges","Catcher","C",134,"2023-03-31"
668804,"Bryan Reynolds","Outfielder","LF",134,"2023-03-31"
675986,"Canaan Smith-Njigba","Outfielder","RF",134,"2023-03-31"
467793,"Carlos Santana","Infielder","1B",134,"2023-03-31"
608328,"Chase De Jong","Pitcher","P",134,"2023-03-31"
670059,"Colin Holderman","Pitcher","P",134,"2023-03-31"
656582,"Connor Joe","Infielder","1B",134,"2023-03-31"
664294,"Dauri Moreta","Pitcher","P",134,"2023-03-31"
670280,"David Bednar","Pitcher","P",134,"2023-03-31"
621249,"Duane Underwood Jr.","Pitcher","P",134,"2023-03-31"
669261,"Jack Suwinski","Outfielder","CF",134,"2023-03-31"
641511,"Jason Delay","Catcher","C",134,"2023-03-31"
678225,"Ji Hwan Bae","Infielder","2B",134,"2023-03-31"
596847,"Ji Man Choi","Infielder","1B",134,"2023-03-31"
670912,"Johan Oviedo","Pitcher","P",134,"2023-03-31"
669796,"Jose Hernandez","Pitcher","P",134,"2023-03-31"
663647,"Ke'Bryan Hayes","Infielder","3B",134,"2023-03-31"
656605,"Mitch Keller","Pitcher","P",134,"2023-03-31"
665833,"Oneil Cruz","Infielder","SS",134,"2023-03-31"
448179,"Rich Hill","Pitcher","P",134,"2023-03-31"
672710,"Roansy Contreras","Pitcher","P",134,"2023-03-31"
642239,"Rob Zastryzny","Pitcher","P",134,"2023-03-31"
666801,"Rodolfo Castro","Infielder","2B",134,"2023-03-31"
592826,"Vince Velasquez","Pitcher","P",134,"2023-03-31"
640444,"Wil Crowe","Pitcher","P",134,"2023-03-31"
543592,"Austin Nola","Catcher","C",135,"2023-03-31"
605483,"Blake Snell","Pitcher","P",135,"2023-03-31"
641703,"Brent Honeywell","Pitcher","P",135,"2023-03-31"
621311,"David Dahl","Outfielder","OF",135,"2023-03-31"
593619,"Domingo Tapia","Pitcher","P",135,"2023-03-31"
673490,"Ha-Seong Kim","Infielder","2B",135,"2023-03-31"
630105,"Jake Cronenworth","Infielder","2B",135,"2023-03-31"
640492,"Jose Azocar","Outfielder","RF",135,"2023-03-31"
623352,"Josh Hader","Pitcher","P",135,"2023-03-31"
665742,"Juan Soto","Outfielder","LF",135,"2023-03-31"
669134,"Luis Campusano","Catcher","C",135,"2023-03-31"
472610,"Luis Garcia","Pitcher","P",135,"2023-03-31"
592518,"Manny Machado","Infielder","3B",135,"2023-03-31"
572761,"Matt Carpenter","Infielder","1B",135,"2023-03-31"
608379,"Michael Wacha","Pitcher","P",135,"2023-03-31"
622503,"Nabil Crismatt","Pitcher","P",135,"2023-03-31"
443558,"Nelson Cruz","Hitter","DH",135,"2023-03-31"
607259,"Nick Martinez","Pitcher","P",135,"2023-03-31"
596059,"Rougned Odor","Infielder","2B",135,"2023-03-31"
677960,"Ryan Weathers","Pitcher","P",135,"2023-03-31"
607625,"Seth Lugo","Pitcher","P",135,"2023-03-31"
621051,"Steven Wilson","Pitcher","P",135,"2023-03-31"
657612,"Tim Hill","Pitcher","P",135,"2023-03-31"
663757,"Trent Grisham","Outfielder","CF",135,"2023-03-31"
593428,"Xander Bogaerts","Infielder","SS",135,"2023-03-31"
506433,"Yu Darvish","Pitcher","P",135,"2023-03-31"
572041,"AJ Pollock","Outfielder","LF",136,"2023-03-31"
662253,"Andres Munoz","Pitcher","P",136,"2023-03-31"
663728,"Cal Raleigh","Catcher","C",136,"2023-03-31"
623167,"Chris Flexen","Pitcher","P",136,"2023-03-31"
669450,"Cooper Hummel","Catcher","C",136,"2023-03-31"
650895,"Diego Castillo","Pitcher","P",136,"2023-03-31"
553993,"Eugenio Suarez","Infielder","3B",136,"2023-03-31"
669923,"George Kirby","Pitcher","P",136,"2023-03-31"
641487,"J.P. Crawford","Infielder","SS",136,"2023-03-31"
672284,"Jarred Kelenic","Outfielder","LF",136,"2023-03-31"
677594,"Julio Rodriguez","Outfielder","CF",136,"2023-03-31"
543939,"Kolten Wong","Infielder","2B",136,"2023-03-31"
669302,"Logan Gilbert","Pitcher","P",136,"2023-03-31"
622491,"Luis Castillo","Pitcher","P",136,"2023-03-31"
594835,"Marco Gonzales","Pitcher","P",136,"2023-03-31"
666374,"Matt Brash","Pitcher","P",136,"2023-03-31"
670036,"Matt Festa","Pitcher","P",136,"2023-03-31"
623149,"Paul Sewald","Pitcher","P",136,"2023-03-31"
682171,"Penn Murfee","Pitcher","P",136,"2023-03-31"
592662,"Robbie Ray","Pitcher","P",136,"2023-03-31"
664059,"Sam Haggerty","Outfielder","CF",136,"2023-03-31"
606192,"Teoscar Hernandez","Outfielder","RF",136,"2023-03-31"
608596,"Tom Murphy","Catcher","C",136,"2023-03-31"
600303,"Tommy La Stella","Infielder","3B",136,"2023-03-31"
641627,"Trevor Gott","Pitcher","P",136,"2023-03-31"
664034,"Ty France","Infielder","1B",136,"2023-03-31"
502171,"Alex Cobb","Pitcher","P",137,"2023-03-31"
622072,"Alex Wood","Pitcher","P",137,"2023-03-31"
543101,"Anthony DeSclafani","Pitcher","P",137,"2023-03-31"
666165,"Blake Sabol","Catcher","C",137,"2023-03-31"
543063,"Brandon Crawford","Infielder","SS",137,"2023-03-31"
689172,"Brett Wisely","Infielder","SS",137,"2023-03-31"
666808,"Camilo Doval","Pitcher","P",137,"2023-03-31"
681584,"David Villar","Infielder","3B",137,"2023-03-31"
605204,"J.D. Davis","Infielder","1B",137,"2023-03-31"
596001,"Jakob Junis","Pitcher","P",137,"2023-03-31"
592626,"Joc Pederson","Infielder","1B",137,"2023-03-31"
663698,"Joey Bart","Catcher","C",137,"2023-03-31"
605154,"John Brebbia","Pitcher","P",137,"2023-03-31"
664774,"LaMonte Wade Jr.","Infielder","1B",137,"2023-03-31"
657277,"Logan Webb","Pitcher","P",137,"2023-03-31"
607461,"Matt Beaty","Outfielder","OF",137,"2023-03-31"
624424,"Michael Conforto","Outfielder","RF",137,"2023-03-31"
573262,"Mike Yastrzemski","Outfielder","CF",137,"2023-03-31"
547379,"Roberto Perez","Catcher","C",137,"2023-03-31"
548389,"Ross Stripling","Pitcher","P",137,"2023-03-31"
518397,"Scott Alexander","Pitcher","P",137,"2023-03-31"
640455,"Sean Manaea","Pitcher","P",137,"2023-03-31"
573124,"Taylor Rogers","Pitcher","P",137,"2023-03-31"
642731,"Thairo Estrada","Infielder","2B",137,"2023-03-31"
643511,"Tyler Rogers","Pitcher","P",137,"2023-03-31"
527038,"Wilmer Flores","Infielder","1B",137,"2023-03-31"
676475,"Alec Burleson","Outfielder","RF",138,"2023-03-31"
669467,"Andre Pallante","Pitcher","P",138,"2023-03-31"
668800,"Andrew Knizner","Catcher","C",138,"2023-03-31"
680977,"Brendan Donovan","Infielder","2B",138,"2023-03-31"
608717,"Chris Stratton","Pitcher","P",138,"2023-03-31"
572403,"Drew VerHagen","Pitcher","P",138,"2023-03-31"
666185,"Dylan Carlson","Outfielder","CF",138,"2023-03-31"
606149,"Giovanny Gallegos","Pitcher","P",138,"2023-03-31"
656427,"Jack Flaherty","Pitcher","P",138,"2023-03-31"
663765,"Jake Woodford","Pitcher","P",138,"2023-03-31"
663855,"Jordan Hicks","Pitcher","P",138,"2023-03-31"
656756,"Jordan Montgomery","Pitcher","P",138,"2023-03-31"
691023,"Jordan Walker","Outfielder","LF",138,"2023-03-31"
663457,"Lars Nootbaar","Outfielder","LF",138,"2023-03-31"
571945,"Miles Mikolas","Pitcher","P",138,"2023-03-31"
571448,"Nolan Arenado","Infielder","3B",138,"2023-03-31"
669357,"Nolan Gorman","Infielder","3B",138,"2023-03-31"
676050,"Packy Naughton","Pitcher","P",138,"2023-03-31"
502671,"Paul Goldschmidt","Infielder","1B",138,"2023-03-31"
664854,"Ryan Helsley","Pitcher","P",138,"2023-03-31"
571927,"Steven Matz","Pitcher","P",138,"2023-03-31"
600301,"Taylor Motter","Infielder","3B",138,"2023-03-31"
669242,"Tommy Edman","Infielder","SS",138,"2023-03-31"
641933,"Tyler O'Neill","Outfielder","CF",138,"2023-03-31"
575929,"Willson Contreras","Catcher","C",138,"2023-03-31"
668868,"Zack Thompson","Pitcher","P",138,"2023-03-31"
664040,"Brandon Lowe","Infielder","2B",139,"2023-03-31"
676534,"Calvin Faucher","Pitcher","P",139,"2023-03-31"
542194,"Christian Bethancourt","Catcher","C",139,"2023-03-31"
621363,"Colin Poche","Pitcher","P",139,"2023-03-31"
656876,"Drew Rasmussen","Pitcher","P",139,"2023-03-31"
642336,"Francisco Mejia","Catcher","C",139,"2023-03-31"
664076,"Garrett Cleavinger","Pitcher","P",139,"2023-03-31"
623912,"Harold Ramirez","Outfielder","LF",139,"2023-03-31"
670623,"Isaac Paredes","Infielder","3B",139,"2023-03-31"
656222,"Jalen Beeks","Pitcher","P",139,"2023-03-31"
592094,"Jason Adam","Pitcher","P",139,"2023-03-31"
605488,"Jeffrey Springs","Pitcher","P",139,"2023-03-31"
642350,"Jose Siri","Outfielder","CF",139,"2023-03-31"
676596,"Josh Fleming","Pitcher","P",139,"2023-03-31"
666139,"Josh Lowe","Outfielder","RF",139,"2023-03-31"
687330,"Kevin Kelly","Pitcher","P",139,"2023-03-31"
670042,"Luke Raley","Infielder","1B",139,"2023-03-31"
622534,"Manuel Margot","Outfielder","RF",139,"2023-03-31"
664126,"Pete Fairbanks","Pitcher","P",139,"2023-03-31"
668227,"Randy Arozarena","Outfielder","LF",139,"2023-03-31"
657044,"Ryan Thompson","Pitcher","P",139,"2023-03-31"
663556,"Shane McClanahan","Pitcher","P",139,"2023-03-31"
670764,"Taylor Walls","Infielder","3B",139,"2023-03-31"
677551,"Wander Franco","Infielder","SS",139,"2023-03-31"
650490,"Yandy Diaz","Infielder","1B",139,"2023-03-31"
621107,"Zach Eflin","Pitcher","P",139,"2023-03-31"
666969,"Adolis Garcia","Outfielder","RF",140,"2023-03-31"
571760,"Andrew Heaney","Pitcher","P",140,"2023-03-31"
543543,"Brad Miller","Infielder","1B",140,"2023-03-31"
656271,"Brock Burke","Pitcher","P",140,"2023-03-31"
669352,"Bubba Thompson","Outfielder","CF",140,"2023-03-31"
666142,"Cole Ragans","Pitcher","P",140,"2023-03-31"
608369,"Corey Seager","Infielder","SS",140,"2023-03-31"
641540,"Dane Dunning","Pitcher","P",140,"2023-03-31"
677649,"Ezequiel Duran","Infielder","3B",140,"2023-03-31"
453178,"Ian Kennedy","Pitcher","P",140,"2023-03-31"
594798,"Jacob deGrom","Pitcher","P",140,"2023-03-31"
592351,"Jon Gray","Pitcher","P",140,"2023-03-31"
641680,"Jonah Heim","Catcher","C",140,"2023-03-31"
642546,"Jonathan Hernandez","Pitcher","P",140,"2023-03-31"
600917,"Jose Leclerc","Pitcher","P",140,"2023-03-31"
669701,"Josh H. Smith","Infielder","SS",140,"2023-03-31"
673962,"Josh Jung","Infielder","3B",140,"2023-03-31"
543760,"Marcus Semien","Infielder","2B",140,"2023-03-31"
527048,"Martin Perez","Pitcher","P",140,"2023-03-31"
641598,"Mitch Garver","Catcher","C",140,"2023-03-31"
543135,"Nathan Eovaldi","Pitcher","P",140,"2023-03-31"
663993,"Nathaniel Lowe","Infielder","1B",140,"2023-03-31"
543257,"Robbie Grossman","Outfielder","LF",140,"2023-03-31"
621368,"Taylor Hearn","Pitcher","P",140,"2023-03-31"
608671,"Travis Jankowski","Outfielder","LF",140,"2023-03-31"
519293,"Will Smith","Pitcher","P",140,"2023-03-31"
643256,"Adam Cimber","Pitcher","P",141,"2023-03-31"
672386,"Alejandro Kirk","Catcher","C",141,"2023-03-31"
666201,"Alek Manoah","Pitcher","P",141,"2023-03-31"
542914,"Anthony Bass","Pitcher","P",141,"2023-03-31"
666182,"Bo Bichette","Infielder","SS",141,"2023-03-31"
474832,"Brandon Belt","Infielder","1B",141,"2023-03-31"
624415,"Cavan Biggio","Infielder","2B",141,"2023-03-31"
605135,"Chris Bassitt","Pitcher","P",141,"2023-03-31"
643376,"Danny Jansen","Catcher","C",141,"2023-03-31"
662139,"Daulton Varsho","Outfielder","LF",141,"2023-03-31"
657024,"Erik Swanson","Pitcher","P",141,"2023-03-31"
543807,"George Springer","Outfielder","RF",141,"2023-03-31"
605447,"Jordan Romano","Pitcher","P",141,"2023-03-31"
621244,"Jose Berrios","Pitcher","P",141,"2023-03-31"
592332,"Kevin Gausman","Pitcher","P",141,"2023-03-31"
595281,"Kevin Kiermaier","Outfielder","CF",141,"2023-03-31"
656305,"Matt Chapman","Infielder","3B",141,"2023-03-31"
664770,"Nathan Lukes","Outfielder","CF",141,"2023-03-31"
669289,"Santiago Espinal","Infielder","2B",141,"2023-03-31"
641835,"Tim Mayza","Pitcher","P",141,"2023-03-31"
670950,"Trevor Richards","Pitcher","P",141,"2023-03-31"
665489,"Vladimir Guerrero Jr.","Infielder","1B",141,"2023-03-31"
593160,"Whit Merrifield","Infielder","2B",141,"2023-03-31"
554340,"Yimi Garcia","Pitcher","P",141,"2023-03-31"
579328,"Yusei Kikuchi","Pitcher","P",141,"2023-03-31"
647315,"Zach Pop","Pitcher","P",141,"2023-03-31"
669743,"Alex Call","Outfielder","LF",120,"2023-03-31"
607455,"Anthony Banda","Pitcher","P",120,"2023-03-31"
682928,"CJ Abrams","Infielder","SS",120,"2023-03-31"
605218,"Carl Edwards Jr.","Pitcher","P",120,"2023-03-31"
641771,"Chad Kuhl","Pitcher","P",120,"2023-03-31"
572816,"Corey Dickerson","Outfielder","LF",120,"2023-03-31"
642086,"Dominic Smith","Infielder","1B",120,"2023-03-31"
541640,"Erasmo Ramirez","Pitcher","P",120,"2023-03-31"
665048,"Hobie Harris","Pitcher","P",120,"2023-03-31"
640451,"Hunter Harvey","Pitcher","P",120,"2023-03-31"
545121,"Ildemaro Vargas","Infielder","3B",120,"2023-03-31"
600869,"Jeimer Candelario","Infielder","3B",120,"2023-03-31"
608841,"Joey Meneses","Infielder","1B",120,"2023-03-31"
680686,"Josiah Gray","Pitcher","P",120,"2023-03-31"
660688,"Keibert Ruiz","Catcher","C",120,"2023-03-31"
640448,"Kyle Finnegan","Pitcher","P",120,"2023-03-31"
657041,"Lane Thomas","Outfielder","RF",120,"2023-03-31"
671277,"Luis Garcia","Infielder","2B",120,"2023-03-31"
669022,"MacKenzie Gore","Pitcher","P",120,"2023-03-31"
666168,"Mason Thompson","Pitcher","P",120,"2023-03-31"
656308,"Michael Chavis","Infielder","1B",120,"2023-03-31"
571578,"Patrick Corbin","Pitcher","P",120,"2023-03-31"
656180,"Riley Adams","Catcher","C",120,"2023-03-31"
663658,"Thaddeus Ward","Pitcher","P",120,"2023-03-31"
592866,"Trevor Williams","Pitcher","P",120,"2023-03-31"
645302,"Victor Robles","Outfielder","CF",120,"2023-03-31"
