"Name","Team","G","GS","IP","K.","BB.","HR.9","BABIP","LOB.","GB.","LD.","FB.","HR.FB","EV","WHIP","ERA","FIP","xFIP","SIERA","WAR","Start.IP","Relief.IP","O.Swing.","F.Strike.","SwStr.","Zone.","Barrel.","HardHit.","Date","url"
"Jesse Chavez","ATL",1,0,1.1,0.167,0,0,0.4,1,0.8,0.2,0,0,83.5,1.5,0,2.49,2.49,0.67,0,NA,1.1,0.267,0.667,0.125,0.375,0,0.2,2023-03-31,"https://www.fangraphs.com/leaders.aspx?pos=all&stats=pit&lg=all&qual=0&type=c%2C7%2C8%2C13%2C120%2C121%2C40%2C43%2C44%2C48%2C47%2C49%2C51%2C322%2C42%2C6%2C45%2C62%2C122%2C59%2C55%2C57%2C105%2C112%2C113%2C111%2C325%2C328&season=2023&month=1000&season1=2023&ind=0&team=0&rost=0&age=0&filter=&players=0&startdate=2023-03-30&enddate=2023-03-30&page=1_1000"
"Huascar Brazoban","MIA",1,0,2,0.3,0,0,0.5,1,0.8,0.2,0,0,84.1,1.5,0,2.49,2.49,1.22,0,NA,2,0.318,0.4,0.135,0.405,0,0.5,2023-03-31,"https://www.fangraphs.com/leaders.aspx?pos=all&stats=pit&lg=all&qual=0&type=c%2C7%2C8%2C13%2C120%2C121%2C40%2C43%2C44%2C48%2C47%2C49%2C51%2C322%2C42%2C6%2C45%2C62%2C122%2C59%2C55%2C57%2C105%2C112%2C113%2C111%2C325%2C328&season=2023&month=1000&season1=2023&ind=0&team=0&rost=0&age=0&filter=&players=0&startdate=2023-03-30&enddate=2023-03-30&page=1_1000"
"Trevor May","OAK",1,0,1,0.2,0.2,0,0.333,1,0.333,0.333,0.333,0,99,2,0,4.99,6.26,5.98,0,NA,1,0.417,0.4,0.118,0.294,0,0.667,2023-03-31,"https://www.fangraphs.com/leaders.aspx?pos=all&stats=pit&lg=all&qual=0&type=c%2C7%2C8%2C13%2C120%2C121%2C40%2C43%2C44%2C48%2C47%2C49%2C51%2C322%2C42%2C6%2C45%2C62%2C122%2C59%2C55%2C57%2C105%2C112%2C113%2C111%2C325%2C328&season=2023&month=1000&season1=2023&ind=0&team=0&rost=0&age=0&filter=&players=0&startdate=2023-03-30&enddate=2023-03-30&page=1_1000"
"Collin McHugh","ATL",1,0,1.2,0.143,0.286,0,0,1,0.5,0,0.5,0,95.9,1.2,0,6.39,7.92,8.48,-0.1,NA,1.2,0.333,0.857,0.12,0.375,0,0.5,2023-03-31,"https://www.fangraphs.com/leaders.aspx?pos=all&stats=pit&lg=all&qual=0&type=c%2C7%2C8%2C13%2C120%2C121%2C40%2C43%2C44%2C48%2C47%2C49%2C51%2C322%2C42%2C6%2C45%2C62%2C122%2C59%2C55%2C57%2C105%2C112%2C113%2C111%2C325%2C328&season=2023&month=1000&season1=2023&ind=0&team=0&rost=0&age=0&filter=&players=0&startdate=2023-03-30&enddate=2023-03-30&page=1_1000"
"David Robertson","NYM",1,0,1,0.667,0,0,0,1,0,0,1,0,94.7,0,0,-0.01,1.26,0.03,0.1,NA,1,0.333,0.333,0.188,0.438,0,0,2023-03-31,"https://www.fangraphs.com/leaders.aspx?pos=all&stats=pit&lg=all&qual=0&type=c%2C7%2C8%2C13%2C120%2C121%2C40%2C43%2C44%2C48%2C47%2C49%2C51%2C322%2C42%2C6%2C45%2C62%2C122%2C59%2C55%2C57%2C105%2C112%2C113%2C111%2C325%2C328&season=2023&month=1000&season1=2023&ind=0&team=0&rost=0&age=0&filter=&players=0&startdate=2023-03-30&enddate=2023-03-30&page=1_1000"
"Brooks Raley","NYM",1,0,1,0.667,0,0,0,1,1,0,0,0,62.2,0,0,-0.01,-0.01,-0.3,0.1,NA,1,0.5,1,0.083,0.333,0,0,2023-03-31,"https://www.fangraphs.com/leaders.aspx?pos=all&stats=pit&lg=all&qual=0&type=c%2C7%2C8%2C13%2C120%2C121%2C40%2C43%2C44%2C48%2C47%2C49%2C51%2C322%2C42%2C6%2C45%2C62%2C122%2C59%2C55%2C57%2C105%2C112%2C113%2C111%2C325%2C328&season=2023&month=1000&season1=2023&ind=0&team=0&rost=0&age=0&filter=&players=0&startdate=2023-03-30&enddate=2023-03-30&page=1_1000"
"Caleb Thielbar","MIN",1,0,1,0.333,0,0,0,1,0,0,1,0,79.7,0,0,1.99,4.53,4.56,0.1,NA,1,0.25,0.333,0.182,0.636,0,0,2023-03-31,"https://www.fangraphs.com/leaders.aspx?pos=all&stats=pit&lg=all&qual=0&type=c%2C7%2C8%2C13%2C120%2C121%2C40%2C43%2C44%2C48%2C47%2C49%2C51%2C322%2C42%2C6%2C45%2C62%2C122%2C59%2C55%2C57%2C105%2C112%2C113%2C111%2C325%2C328&season=2023&month=1000&season1=2023&ind=0&team=0&rost=0&age=0&filter=&players=0&startdate=2023-03-30&enddate=2023-03-30&page=1_1000"
"Brad Boxberger","CHC",1,0,1,0.333,0.333,0,0,1,1,0,0,0,91.3,1,0,4.99,4.99,6.99,0,NA,1,0.125,0.667,0.143,0.429,0,0,2023-03-31,"https://www.fangraphs.com/leaders.aspx?pos=all&stats=pit&lg=all&qual=0&type=c%2C7%2C8%2C13%2C120%2C121%2C40%2C43%2C44%2C48%2C47%2C49%2C51%2C322%2C42%2C6%2C45%2C62%2C122%2C59%2C55%2C57%2C105%2C112%2C113%2C111%2C325%2C328&season=2023&month=1000&season1=2023&ind=0&team=0&rost=0&age=0&filter=&players=0&startdate=2023-03-30&enddate=2023-03-30&page=1_1000"
"Shelby Miller","LAD",1,0,1,0.333,0,0,0,1,0,0,1,0,96.5,0,0,1.99,4.53,4.56,0,NA,1,0.429,0.667,0.231,0.462,0.5,0.5,2023-03-31,"https://www.fangraphs.com/leaders.aspx?pos=all&stats=pit&lg=all&qual=0&type=c%2C7%2C8%2C13%2C120%2C121%2C40%2C43%2C44%2C48%2C47%2C49%2C51%2C322%2C42%2C6%2C45%2C62%2C122%2C59%2C55%2C57%2C105%2C112%2C113%2C111%2C325%2C328&season=2023&month=1000&season1=2023&ind=0&team=0&rost=0&age=0&filter=&players=0&startdate=2023-03-30&enddate=2023-03-30&page=1_1000"
"Ryan Tepera","LAA",1,0,0.2,0,0.25,0,0.667,1,0.667,0.333,0,0,99.5,4.5,0,8.49,8.49,8.07,-0.1,NA,0.2,0.25,0.25,0,0.273,0,0.667,2023-03-31,"https://www.fangraphs.com/leaders.aspx?pos=all&stats=pit&lg=all&qual=0&type=c%2C7%2C8%2C13%2C120%2C121%2C40%2C43%2C44%2C48%2C47%2C49%2C51%2C322%2C42%2C6%2C45%2C62%2C122%2C59%2C55%2C57%2C105%2C112%2C113%2C111%2C325%2C328&season=2023&month=1000&season1=2023&ind=0&team=0&rost=0&age=0&filter=&players=0&startdate=2023-03-30&enddate=2023-03-30&page=1_1000"
"Erasmo Ramirez","WSN",1,0,2,0.111,0.111,0,0.286,1,0.857,0,0.143,0,95.2,1.5,0,4.49,5.13,3.56,0,NA,2,0.2,0.667,0.206,0.559,0,0.429,2023-03-31,"https://www.fangraphs.com/leaders.aspx?pos=all&stats=pit&lg=all&qual=0&type=c%2C7%2C8%2C13%2C120%2C121%2C40%2C43%2C44%2C48%2C47%2C49%2C51%2C322%2C42%2C6%2C45%2C62%2C122%2C59%2C55%2C57%2C105%2C112%2C113%2C111%2C325%2C328&season=2023&month=1000&season1=2023&ind=0&team=0&rost=0&age=0&filter=&players=0&startdate=2023-03-30&enddate=2023-03-30&page=1_1000"
"Andrew Bellatti","PHI",1,0,1,0.5,0.25,0,0,1,1,0,0,0,96.4,1,0,2.99,2.99,3.95,0,NA,1,0.364,0.5,0.235,0.353,0,1,2023-03-31,"https://www.fangraphs.com/leaders.aspx?pos=all&stats=pit&lg=all&qual=0&type=c%2C7%2C8%2C13%2C120%2C121%2C40%2C43%2C44%2C48%2C47%2C49%2C51%2C322%2C42%2C6%2C45%2C62%2C122%2C59%2C55%2C57%2C105%2C112%2C113%2C111%2C325%2C328&season=2023&month=1000&season1=2023&ind=0&team=0&rost=0&age=0&filter=&players=0&startdate=2023-03-30&enddate=2023-03-30&page=1_1000"
"Chasen Shreve","DET",1,0,1,0.5,0.25,0,0,1,1,0,0,0,81,1,0,2.99,2.99,3.95,0,NA,1,0.417,0.5,0.227,0.455,0,0,2023-03-31,"https://www.fangraphs.com/leaders.aspx?pos=all&stats=pit&lg=all&qual=0&type=c%2C7%2C8%2C13%2C120%2C121%2C40%2C43%2C44%2C48%2C47%2C49%2C51%2C322%2C42%2C6%2C45%2C62%2C122%2C59%2C55%2C57%2C105%2C112%2C113%2C111%2C325%2C328&season=2023&month=1000&season1=2023&ind=0&team=0&rost=0&age=0&filter=&players=0&startdate=2023-03-30&enddate=2023-03-30&page=1_1000"
"Hector Neris","HOU",1,0,1,0.333,0,0,0.5,1,1,0,0,0,100.1,2,0,-0.01,-0.01,0.47,0.1,NA,1,0.4,0.5,0.176,0.412,0,0.5,2023-03-31,"https://www.fangraphs.com/leaders.aspx?pos=all&stats=pit&lg=all&qual=0&type=c%2C7%2C8%2C13%2C120%2C121%2C40%2C43%2C44%2C48%2C47%2C49%2C51%2C322%2C42%2C6%2C45%2C62%2C122%2C59%2C55%2C57%2C105%2C112%2C113%2C111%2C325%2C328&season=2023&month=1000&season1=2023&ind=0&team=0&rost=0&age=0&filter=&players=0&startdate=2023-03-30&enddate=2023-03-30&page=1_1000"
"Chris Martin","BOS",1,0,1,0,0.2,0,0.5,1,0.25,0.75,0,0,92.5,3,0,6.99,6.99,8.41,0,NA,1,0.2,0.8,0,0.667,0,0.75,2023-03-31,"https://www.fangraphs.com/leaders.aspx?pos=all&stats=pit&lg=all&qual=0&type=c%2C7%2C8%2C13%2C120%2C121%2C40%2C43%2C44%2C48%2C47%2C49%2C51%2C322%2C42%2C6%2C45%2C62%2C122%2C59%2C55%2C57%2C105%2C112%2C113%2C111%2C325%2C328&season=2023&month=1000&season1=2023&ind=0&team=0&rost=0&age=0&filter=&players=0&startdate=2023-03-30&enddate=2023-03-30&page=1_1000"
"Jason Adam","TBR",1,0,1,0,0.25,0,0,1,0.333,0.333,0.333,0,74.4,1,0,6.99,8.26,9.89,0,NA,1,0.417,0.5,0.267,0.2,0,0,2023-03-31,"https://www.fangraphs.com/leaders.aspx?pos=all&stats=pit&lg=all&qual=0&type=c%2C7%2C8%2C13%2C120%2C121%2C40%2C43%2C44%2C48%2C47%2C49%2C51%2C322%2C42%2C6%2C45%2C62%2C122%2C59%2C55%2C57%2C105%2C112%2C113%2C111%2C325%2C328&season=2023&month=1000&season1=2023&ind=0&team=0&rost=0&age=0&filter=&players=0&startdate=2023-03-30&enddate=2023-03-30&page=1_1000"
"Gerrit Cole","NYY",1,1,6,0.5,0.091,0,0.333,1,0.556,0.333,0.111,0,92,0.83,0,1.33,1.54,1.81,0.3,6,NA,0.304,0.818,0.179,0.411,0,0.444,2023-03-31,"https://www.fangraphs.com/leaders.aspx?pos=all&stats=pit&lg=all&qual=0&type=c%2C7%2C8%2C13%2C120%2C121%2C40%2C43%2C44%2C48%2C47%2C49%2C51%2C322%2C42%2C6%2C45%2C62%2C122%2C59%2C55%2C57%2C105%2C112%2C113%2C111%2C325%2C328&season=2023&month=1000&season1=2023&ind=0&team=0&rost=0&age=0&filter=&players=0&startdate=2023-03-30&enddate=2023-03-30&page=1_1000"
"Derek Law","CIN",1,0,1.2,0.167,0,0,0.2,1,0.2,0.4,0.4,0,86.3,0.6,0,2.79,4.32,4.19,0.1,NA,1.2,0.4,0.667,0.095,0.524,0,0.2,2023-03-31,"https://www.fangraphs.com/leaders.aspx?pos=all&stats=pit&lg=all&qual=0&type=c%2C7%2C8%2C13%2C120%2C121%2C40%2C43%2C44%2C48%2C47%2C49%2C51%2C322%2C42%2C6%2C45%2C62%2C122%2C59%2C55%2C57%2C105%2C112%2C113%2C111%2C325%2C328&season=2023&month=1000&season1=2023&ind=0&team=0&rost=0&age=0&filter=&players=0&startdate=2023-03-30&enddate=2023-03-30&page=1_1000"
"Michael Fulmer","CHC",1,0,1,0.5,0,0,0.5,1,0.5,0,0.5,0,90.1,1,0,-0.01,1.26,0.67,0,NA,1,1,1,0.267,0.6,0,0.5,2023-03-31,"https://www.fangraphs.com/leaders.aspx?pos=all&stats=pit&lg=all&qual=0&type=c%2C7%2C8%2C13%2C120%2C121%2C40%2C43%2C44%2C48%2C47%2C49%2C51%2C322%2C42%2C6%2C45%2C62%2C122%2C59%2C55%2C57%2C105%2C112%2C113%2C111%2C325%2C328&season=2023&month=1000&season1=2023&ind=0&team=0&rost=0&age=0&filter=&players=0&startdate=2023-03-30&enddate=2023-03-30&page=1_1000"
"Drew VerHagen","STL",1,0,0.2,0.333,0,0,0.5,1,0.5,0.5,0,0,93,1.5,0,0.99,0.99,1.25,0,NA,0.2,0.333,0.667,0.063,0.438,0,0.5,2023-03-31,"https://www.fangraphs.com/leaders.aspx?pos=all&stats=pit&lg=all&qual=0&type=c%2C7%2C8%2C13%2C120%2C121%2C40%2C43%2C44%2C48%2C47%2C49%2C51%2C322%2C42%2C6%2C45%2C62%2C122%2C59%2C55%2C57%2C105%2C112%2C113%2C111%2C325%2C328&season=2023&month=1000&season1=2023&ind=0&team=0&rost=0&age=0&filter=&players=0&startdate=2023-03-30&enddate=2023-03-30&page=1_1000"
"Marcus Stroman","CHC",1,1,6,0.348,0.13,0,0.25,1,0.75,0.167,0.083,0,86.9,1,0,2.83,3.04,3.03,0.2,6,NA,0.262,0.565,0.154,0.315,0,0.333,2023-03-31,"https://www.fangraphs.com/leaders.aspx?pos=all&stats=pit&lg=all&qual=0&type=c%2C7%2C8%2C13%2C120%2C121%2C40%2C43%2C44%2C48%2C47%2C49%2C51%2C322%2C42%2C6%2C45%2C62%2C122%2C59%2C55%2C57%2C105%2C112%2C113%2C111%2C325%2C328&season=2023&month=1000&season1=2023&ind=0&team=0&rost=0&age=0&filter=&players=0&startdate=2023-03-30&enddate=2023-03-30&page=1_1000"
"JT Chargois","MIA",1,0,0.2,0,0,0,0,1,1,0,0,0,80.8,0,0,3.99,3.99,-1.07,0,NA,0.2,0.25,1,0.143,0.429,0,0,2023-03-31,"https://www.fangraphs.com/leaders.aspx?pos=all&stats=pit&lg=all&qual=0&type=c%2C7%2C8%2C13%2C120%2C121%2C40%2C43%2C44%2C48%2C47%2C49%2C51%2C322%2C42%2C6%2C45%2C62%2C122%2C59%2C55%2C57%2C105%2C112%2C113%2C111%2C325%2C328&season=2023&month=1000&season1=2023&ind=0&team=0&rost=0&age=0&filter=&players=0&startdate=2023-03-30&enddate=2023-03-30&page=1_1000"
"Matt Strahm","PHI",1,0,1,0.333,0,0,0,1,0.5,0,0.5,0,76.3,0,0,1.99,3.26,1.99,0,NA,1,0.417,0.333,0.25,0.25,0,0,2023-03-31,"https://www.fangraphs.com/leaders.aspx?pos=all&stats=pit&lg=all&qual=0&type=c%2C7%2C8%2C13%2C120%2C121%2C40%2C43%2C44%2C48%2C47%2C49%2C51%2C322%2C42%2C6%2C45%2C62%2C122%2C59%2C55%2C57%2C105%2C112%2C113%2C111%2C325%2C328&season=2023&month=1000&season1=2023&ind=0&team=0&rost=0&age=0&filter=&players=0&startdate=2023-03-30&enddate=2023-03-30&page=1_1000"
"Paul Sewald","SEA",1,0,1,0.333,0,0,0,1,0,0,1,0,70.9,0,0,1.99,4.53,4.56,0,NA,1,0.333,0.667,0.25,0.75,0,0,2023-03-31,"https://www.fangraphs.com/leaders.aspx?pos=all&stats=pit&lg=all&qual=0&type=c%2C7%2C8%2C13%2C120%2C121%2C40%2C43%2C44%2C48%2C47%2C49%2C51%2C322%2C42%2C6%2C45%2C62%2C122%2C59%2C55%2C57%2C105%2C112%2C113%2C111%2C325%2C328&season=2023&month=1000&season1=2023&ind=0&team=0&rost=0&age=0&filter=&players=0&startdate=2023-03-30&enddate=2023-03-30&page=1_1000"
"Wandy Peralta","NYY",1,0,0.2,0.667,0,0,1,1,0,1,0,0,108.9,1.5,0,-2.01,-2.01,-0.14,0,NA,0.2,0.3,0.333,0.214,0.286,0,1,2023-03-31,"https://www.fangraphs.com/leaders.aspx?pos=all&stats=pit&lg=all&qual=0&type=c%2C7%2C8%2C13%2C120%2C121%2C40%2C43%2C44%2C48%2C47%2C49%2C51%2C322%2C42%2C6%2C45%2C62%2C122%2C59%2C55%2C57%2C105%2C112%2C113%2C111%2C325%2C328&season=2023&month=1000&season1=2023&ind=0&team=0&rost=0&age=0&filter=&players=0&startdate=2023-03-30&enddate=2023-03-30&page=1_1000"
"Amir Garrett","KCR",1,0,0.2,0.2,0.2,0,0.667,1,0,0.667,0.333,0,97.9,4.5,0,5.49,7.4,6.25,0,NA,0.2,0.25,0.4,0.083,0.333,0,0.667,2023-03-31,"https://www.fangraphs.com/leaders.aspx?pos=all&stats=pit&lg=all&qual=0&type=c%2C7%2C8%2C13%2C120%2C121%2C40%2C43%2C44%2C48%2C47%2C49%2C51%2C322%2C42%2C6%2C45%2C62%2C122%2C59%2C55%2C57%2C105%2C112%2C113%2C111%2C325%2C328&season=2023&month=1000&season1=2023&ind=0&team=0&rost=0&age=0&filter=&players=0&startdate=2023-03-30&enddate=2023-03-30&page=1_1000"
"Jose Leclerc","TEX",1,0,1,0.2,0.2,0,0.333,1,0,0,1,0,75.8,2,0,4.99,8.8,7.97,0,NA,1,0.333,0.6,0.19,0.286,0,0,2023-03-31,"https://www.fangraphs.com/leaders.aspx?pos=all&stats=pit&lg=all&qual=0&type=c%2C7%2C8%2C13%2C120%2C121%2C40%2C43%2C44%2C48%2C47%2C49%2C51%2C322%2C42%2C6%2C45%2C62%2C122%2C59%2C55%2C57%2C105%2C112%2C113%2C111%2C325%2C328&season=2023&month=1000&season1=2023&ind=0&team=0&rost=0&age=0&filter=&players=0&startdate=2023-03-30&enddate=2023-03-30&page=1_1000"
"Jorge Lopez","MIN",1,0,0.2,0.5,0,0,0,1,1,0,0,0,98.6,0,0,0.99,0.99,-0.42,0,NA,0.2,1,1,0.2,0.8,0,1,2023-03-31,"https://www.fangraphs.com/leaders.aspx?pos=all&stats=pit&lg=all&qual=0&type=c%2C7%2C8%2C13%2C120%2C121%2C40%2C43%2C44%2C48%2C47%2C49%2C51%2C322%2C42%2C6%2C45%2C62%2C122%2C59%2C55%2C57%2C105%2C112%2C113%2C111%2C325%2C328&season=2023&month=1000&season1=2023&ind=0&team=0&rost=0&age=0&filter=&players=0&startdate=2023-03-30&enddate=2023-03-30&page=1_1000"
"Yency Almonte","LAD",1,0,1,0,0,0,0,1,0.333,0,0.667,0,76.9,0,0,3.99,6.53,7.46,0,NA,1,0.333,0.667,0.1,0.7,0,0,2023-03-31,"https://www.fangraphs.com/leaders.aspx?pos=all&stats=pit&lg=all&qual=0&type=c%2C7%2C8%2C13%2C120%2C121%2C40%2C43%2C44%2C48%2C47%2C49%2C51%2C322%2C42%2C6%2C45%2C62%2C122%2C59%2C55%2C57%2C105%2C112%2C113%2C111%2C325%2C328&season=2023&month=1000&season1=2023&ind=0&team=0&rost=0&age=0&filter=&players=0&startdate=2023-03-30&enddate=2023-03-30&page=1_1000"
"Rob Zastryzny","PIT",1,0,1.1,0.25,0,0,0,1,0.333,0,0.667,0,80.6,0,0,2.49,4.4,3.4,0,NA,1.1,0.5,0.5,0.267,0.333,0,0.333,2023-03-31,"https://www.fangraphs.com/leaders.aspx?pos=all&stats=pit&lg=all&qual=0&type=c%2C7%2C8%2C13%2C120%2C121%2C40%2C43%2C44%2C48%2C47%2C49%2C51%2C322%2C42%2C6%2C45%2C62%2C122%2C59%2C55%2C57%2C105%2C112%2C113%2C111%2C325%2C328&season=2023&month=1000&season1=2023&ind=0&team=0&rost=0&age=0&filter=&players=0&startdate=2023-03-30&enddate=2023-03-30&page=1_1000"
"Adam Cimber","TOR",1,0,1,0,0.25,0,0,1,0.667,0,0.333,0,92.2,1,0,6.99,8.26,9.29,-0.1,NA,1,0,0.5,0,0.364,0,0.333,2023-03-31,"https://www.fangraphs.com/leaders.aspx?pos=all&stats=pit&lg=all&qual=0&type=c%2C7%2C8%2C13%2C120%2C121%2C40%2C43%2C44%2C48%2C47%2C49%2C51%2C322%2C42%2C6%2C45%2C62%2C122%2C59%2C55%2C57%2C105%2C112%2C113%2C111%2C325%2C328&season=2023&month=1000&season1=2023&ind=0&team=0&rost=0&age=0&filter=&players=0&startdate=2023-03-30&enddate=2023-03-30&page=1_1000"
"Hunter Harvey","WSN",1,0,1,0,0,0,0.25,1,0.5,0.25,0.25,0,94.4,1,0,3.99,5.26,5.26,0,NA,1,0,NA,0,0.667,0.25,0.5,2023-03-31,"https://www.fangraphs.com/leaders.aspx?pos=all&stats=pit&lg=all&qual=0&type=c%2C7%2C8%2C13%2C120%2C121%2C40%2C43%2C44%2C48%2C47%2C49%2C51%2C322%2C42%2C6%2C45%2C62%2C122%2C59%2C55%2C57%2C105%2C112%2C113%2C111%2C325%2C328&season=2023&month=1000&season1=2023&ind=0&team=0&rost=0&age=0&filter=&players=0&startdate=2023-03-30&enddate=2023-03-30&page=1_1000"
"Kendall Graveman","CHW",1,0,1,0,0,0,0.333,1,0.667,0.333,0,0,89.8,1,0,3.99,3.99,2.42,0,NA,1,0.5,0.667,0,0.455,0,0.667,2023-03-31,"https://www.fangraphs.com/leaders.aspx?pos=all&stats=pit&lg=all&qual=0&type=c%2C7%2C8%2C13%2C120%2C121%2C40%2C43%2C44%2C48%2C47%2C49%2C51%2C322%2C42%2C6%2C45%2C62%2C122%2C59%2C55%2C57%2C105%2C112%2C113%2C111%2C325%2C328&season=2023&month=1000&season1=2023&ind=0&team=0&rost=0&age=0&filter=&players=0&startdate=2023-03-30&enddate=2023-03-30&page=1_1000"
"Tyler Rogers","SFG",1,0,1,0.25,0,0,0.333,1,0.667,0,0.333,0,89.4,1,0,1.99,3.26,2.28,0,NA,1,0,0.5,0,0.727,0.333,0.667,2023-03-31,"https://www.fangraphs.com/leaders.aspx?pos=all&stats=pit&lg=all&qual=0&type=c%2C7%2C8%2C13%2C120%2C121%2C40%2C43%2C44%2C48%2C47%2C49%2C51%2C322%2C42%2C6%2C45%2C62%2C122%2C59%2C55%2C57%2C105%2C112%2C113%2C111%2C325%2C328&season=2023&month=1000&season1=2023&ind=0&team=0&rost=0&age=0&filter=&players=0&startdate=2023-03-30&enddate=2023-03-30&page=1_1000"
"Luis Castillo","SEA",1,1,6,0.316,0,0,0.077,1,0.385,0.231,0.385,0,85.5,0.17,0,1.99,3.05,2.52,0.3,6,NA,0.474,0.789,0.171,0.5,0,0.385,2023-03-31,"https://www.fangraphs.com/leaders.aspx?pos=all&stats=pit&lg=all&qual=0&type=c%2C7%2C8%2C13%2C120%2C121%2C40%2C43%2C44%2C48%2C47%2C49%2C51%2C322%2C42%2C6%2C45%2C62%2C122%2C59%2C55%2C57%2C105%2C112%2C113%2C111%2C325%2C328&season=2023&month=1000&season1=2023&ind=0&team=0&rost=0&age=0&filter=&players=0&startdate=2023-03-30&enddate=2023-03-30&page=1_1000"
"Jordan Romano","TOR",1,0,1,0.667,0,0,0,1,1,0,0,0,72.4,0,0,-0.01,-0.01,-0.3,0.1,NA,1,0.5,0.667,0.333,0.5,0,0,2023-03-31,"https://www.fangraphs.com/leaders.aspx?pos=all&stats=pit&lg=all&qual=0&type=c%2C7%2C8%2C13%2C120%2C121%2C40%2C43%2C44%2C48%2C47%2C49%2C51%2C322%2C42%2C6%2C45%2C62%2C122%2C59%2C55%2C57%2C105%2C112%2C113%2C111%2C325%2C328&season=2023&month=1000&season1=2023&ind=0&team=0&rost=0&age=0&filter=&players=0&startdate=2023-03-30&enddate=2023-03-30&page=1_1000"
"Aaron Bummer","CHW",1,0,0.2,0.667,0.333,0,0,1,0,0,0,0,NA,1.5,0,2.49,2.49,4.66,0,NA,0.2,0.308,NA,0.294,0.235,NA,NA,2023-03-31,"https://www.fangraphs.com/leaders.aspx?pos=all&stats=pit&lg=all&qual=0&type=c%2C7%2C8%2C13%2C120%2C121%2C40%2C43%2C44%2C48%2C47%2C49%2C51%2C322%2C42%2C6%2C45%2C62%2C122%2C59%2C55%2C57%2C105%2C112%2C113%2C111%2C325%2C328&season=2023&month=1000&season1=2023&ind=0&team=0&rost=0&age=0&filter=&players=0&startdate=2023-03-30&enddate=2023-03-30&page=1_1000"
"Erik Swanson","TOR",1,0,1,0.667,0,0,0,1,1,0,0,0,95.8,0,0,-0.01,-0.01,-0.3,0,NA,1,0.25,0.333,0.118,0.294,0,1,2023-03-31,"https://www.fangraphs.com/leaders.aspx?pos=all&stats=pit&lg=all&qual=0&type=c%2C7%2C8%2C13%2C120%2C121%2C40%2C43%2C44%2C48%2C47%2C49%2C51%2C322%2C42%2C6%2C45%2C62%2C122%2C59%2C55%2C57%2C105%2C112%2C113%2C111%2C325%2C328&season=2023&month=1000&season1=2023&ind=0&team=0&rost=0&age=0&filter=&players=0&startdate=2023-03-30&enddate=2023-03-30&page=1_1000"
"Bryan Abreu","HOU",1,0,1,0.333,0,0,0,1,0.5,0,0.5,0,70,0,0,1.99,3.26,1.99,0,NA,1,0.5,0.667,0.083,0.5,0,0,2023-03-31,"https://www.fangraphs.com/leaders.aspx?pos=all&stats=pit&lg=all&qual=0&type=c%2C7%2C8%2C13%2C120%2C121%2C40%2C43%2C44%2C48%2C47%2C49%2C51%2C322%2C42%2C6%2C45%2C62%2C122%2C59%2C55%2C57%2C105%2C112%2C113%2C111%2C325%2C328&season=2023&month=1000&season1=2023&ind=0&team=0&rost=0&age=0&filter=&players=0&startdate=2023-03-30&enddate=2023-03-30&page=1_1000"
"Pablo Lopez","MIN",1,1,5.1,0.381,0.143,0,0.222,1,0.556,0.222,0.222,0,85.3,0.94,0,3.24,3.72,3.4,0.1,5.1,NA,0.419,0.571,0.2,0.271,0,0.444,2023-03-31,"https://www.fangraphs.com/leaders.aspx?pos=all&stats=pit&lg=all&qual=0&type=c%2C7%2C8%2C13%2C120%2C121%2C40%2C43%2C44%2C48%2C47%2C49%2C51%2C322%2C42%2C6%2C45%2C62%2C122%2C59%2C55%2C57%2C105%2C112%2C113%2C111%2C325%2C328&season=2023&month=1000&season1=2023&ind=0&team=0&rost=0&age=0&filter=&players=0&startdate=2023-03-30&enddate=2023-03-30&page=1_1000"
"Domingo Acevedo","OAK",1,0,1,0.667,0,0,0,1,1,0,0,0,81.1,0,0,-0.01,-0.01,-0.3,0,NA,1,0.6,1,0.095,0.5,0,0,2023-03-31,"https://www.fangraphs.com/leaders.aspx?pos=all&stats=pit&lg=all&qual=0&type=c%2C7%2C8%2C13%2C120%2C121%2C40%2C43%2C44%2C48%2C47%2C49%2C51%2C322%2C42%2C6%2C45%2C62%2C122%2C59%2C55%2C57%2C105%2C112%2C113%2C111%2C325%2C328&season=2023&month=1000&season1=2023&ind=0&team=0&rost=0&age=0&filter=&players=0&startdate=2023-03-30&enddate=2023-03-30&page=1_1000"
"Dinelson Lamet","COL",1,0,1,0.4,0,0,0.667,1,0.667,0.333,0,0,91.9,2,0,-0.01,-0.01,0.52,0,NA,1,0.455,0.4,0.1,0.45,0,0.333,2023-03-31,"https://www.fangraphs.com/leaders.aspx?pos=all&stats=pit&lg=all&qual=0&type=c%2C7%2C8%2C13%2C120%2C121%2C40%2C43%2C44%2C48%2C47%2C49%2C51%2C322%2C42%2C6%2C45%2C62%2C122%2C59%2C55%2C57%2C105%2C112%2C113%2C111%2C325%2C328&season=2023&month=1000&season1=2023&ind=0&team=0&rost=0&age=0&filter=&players=0&startdate=2023-03-30&enddate=2023-03-30&page=1_1000"
"Javy Guerra","MIL",1,0,1,0.333,0,0,0,1,0,0,1,0,80.9,0,0,1.99,4.53,4.56,0,NA,1,0.5,1,0.25,0.5,0,0,2023-03-31,"https://www.fangraphs.com/leaders.aspx?pos=all&stats=pit&lg=all&qual=0&type=c%2C7%2C8%2C13%2C120%2C121%2C40%2C43%2C44%2C48%2C47%2C49%2C51%2C322%2C42%2C6%2C45%2C62%2C122%2C59%2C55%2C57%2C105%2C112%2C113%2C111%2C325%2C328&season=2023&month=1000&season1=2023&ind=0&team=0&rost=0&age=0&filter=&players=0&startdate=2023-03-30&enddate=2023-03-30&page=1_1000"
"Framber Valdez","HOU",1,1,5,0.182,0,0,0.353,1,0.706,0.235,0.059,0,92.3,1.2,0,2.99,3.25,2.08,0.1,5,NA,0.326,0.773,0.106,0.459,0,0.471,2023-03-31,"https://www.fangraphs.com/leaders.aspx?pos=all&stats=pit&lg=all&qual=0&type=c%2C7%2C8%2C13%2C120%2C121%2C40%2C43%2C44%2C48%2C47%2C49%2C51%2C322%2C42%2C6%2C45%2C62%2C122%2C59%2C55%2C57%2C105%2C112%2C113%2C111%2C325%2C328&season=2023&month=1000&season1=2023&ind=0&team=0&rost=0&age=0&filter=&players=0&startdate=2023-03-30&enddate=2023-03-30&page=1_1000"
"Jimmy Herget","LAA",1,0,1,0.333,0,0,0,1,0.5,0,0.5,0,91.7,0,0,1.99,3.26,1.99,0.1,NA,1,0.167,1,0.063,0.625,0,0.5,2023-03-31,"https://www.fangraphs.com/leaders.aspx?pos=all&stats=pit&lg=all&qual=0&type=c%2C7%2C8%2C13%2C120%2C121%2C40%2C43%2C44%2C48%2C47%2C49%2C51%2C322%2C42%2C6%2C45%2C62%2C122%2C59%2C55%2C57%2C105%2C112%2C113%2C111%2C325%2C328&season=2023&month=1000&season1=2023&ind=0&team=0&rost=0&age=0&filter=&players=0&startdate=2023-03-30&enddate=2023-03-30&page=1_1000"
"Justin Lawrence","COL",1,0,1,1,0,0,0,1,0,0,0,0,NA,0,0,-2.01,-2.01,-0.23,0,NA,1,0.2,0.667,0.071,0.643,NA,NA,2023-03-31,"https://www.fangraphs.com/leaders.aspx?pos=all&stats=pit&lg=all&qual=0&type=c%2C7%2C8%2C13%2C120%2C121%2C40%2C43%2C44%2C48%2C47%2C49%2C51%2C322%2C42%2C6%2C45%2C62%2C122%2C59%2C55%2C57%2C105%2C112%2C113%2C111%2C325%2C328&season=2023&month=1000&season1=2023&ind=0&team=0&rost=0&age=0&filter=&players=0&startdate=2023-03-30&enddate=2023-03-30&page=1_1000"
"Jose Cuas","KCR",1,0,1,1,0,0,0,1,0,0,0,0,NA,0,0,-2.01,-2.01,-0.23,0.1,NA,1,0.444,0.667,0.4,0.4,NA,NA,2023-03-31,"https://www.fangraphs.com/leaders.aspx?pos=all&stats=pit&lg=all&qual=0&type=c%2C7%2C8%2C13%2C120%2C121%2C40%2C43%2C44%2C48%2C47%2C49%2C51%2C322%2C42%2C6%2C45%2C62%2C122%2C59%2C55%2C57%2C105%2C112%2C113%2C111%2C325%2C328&season=2023&month=1000&season1=2023&ind=0&team=0&rost=0&age=0&filter=&players=0&startdate=2023-03-30&enddate=2023-03-30&page=1_1000"
"Drew Smith","NYM",1,0,1,0.5,0,0,0.5,1,0,0.5,0.5,0,92.9,1,0,-0.01,1.26,0.91,0.1,NA,1,0.267,0.5,0.111,0.167,0,0.5,2023-03-31,"https://www.fangraphs.com/leaders.aspx?pos=all&stats=pit&lg=all&qual=0&type=c%2C7%2C8%2C13%2C120%2C121%2C40%2C43%2C44%2C48%2C47%2C49%2C51%2C322%2C42%2C6%2C45%2C62%2C122%2C59%2C55%2C57%2C105%2C112%2C113%2C111%2C325%2C328&season=2023&month=1000&season1=2023&ind=0&team=0&rost=0&age=0&filter=&players=0&startdate=2023-03-30&enddate=2023-03-30&page=1_1000"
"Ian Gibaut","CIN",1,0,1,0,0.333,0,0,1,0.5,0,0.5,0,66.6,1,0,6.99,8.26,11.83,0,NA,1,0.222,0.667,0.2,0.4,0,0,2023-03-31,"https://www.fangraphs.com/leaders.aspx?pos=all&stats=pit&lg=all&qual=0&type=c%2C7%2C8%2C13%2C120%2C121%2C40%2C43%2C44%2C48%2C47%2C49%2C51%2C322%2C42%2C6%2C45%2C62%2C122%2C59%2C55%2C57%2C105%2C112%2C113%2C111%2C325%2C328&season=2023&month=1000&season1=2023&ind=0&team=0&rost=0&age=0&filter=&players=0&startdate=2023-03-30&enddate=2023-03-30&page=1_1000"
"Pete Fairbanks","TBR",1,0,1,0,0,0,0.25,1,0.75,0,0.25,0,93.1,1,0,3.99,5.26,3.76,0,NA,1,0.25,0.75,0,0.6,0,0.5,2023-03-31,"https://www.fangraphs.com/leaders.aspx?pos=all&stats=pit&lg=all&qual=0&type=c%2C7%2C8%2C13%2C120%2C121%2C40%2C43%2C44%2C48%2C47%2C49%2C51%2C322%2C42%2C6%2C45%2C62%2C122%2C59%2C55%2C57%2C105%2C112%2C113%2C111%2C325%2C328&season=2023&month=1000&season1=2023&ind=0&team=0&rost=0&age=0&filter=&players=0&startdate=2023-03-30&enddate=2023-03-30&page=1_1000"
"Alex Young","CIN",1,0,1.2,0.167,0.167,0,0,1,0.333,0.333,0.333,0,92.9,0.6,0,4.59,5.35,5.84,0,NA,1.2,0.273,0.833,0.111,0.389,0,0.25,2023-03-31,"https://www.fangraphs.com/leaders.aspx?pos=all&stats=pit&lg=all&qual=0&type=c%2C7%2C8%2C13%2C120%2C121%2C40%2C43%2C44%2C48%2C47%2C49%2C51%2C322%2C42%2C6%2C45%2C62%2C122%2C59%2C55%2C57%2C105%2C112%2C113%2C111%2C325%2C328&season=2023&month=1000&season1=2023&ind=0&team=0&rost=0&age=0&filter=&players=0&startdate=2023-03-30&enddate=2023-03-30&page=1_1000"
"Enyel De Los Santos","CLE",1,0,0.2,0.5,0,0,0,1,0,0,1,0,83.7,0,0,0.99,2.9,1.76,0,NA,0.2,0.5,1,0.167,0.667,0,0,2023-03-31,"https://www.fangraphs.com/leaders.aspx?pos=all&stats=pit&lg=all&qual=0&type=c%2C7%2C8%2C13%2C120%2C121%2C40%2C43%2C44%2C48%2C47%2C49%2C51%2C322%2C42%2C6%2C45%2C62%2C122%2C59%2C55%2C57%2C105%2C112%2C113%2C111%2C325%2C328&season=2023&month=1000&season1=2023&ind=0&team=0&rost=0&age=0&filter=&players=0&startdate=2023-03-30&enddate=2023-03-30&page=1_1000"
"Phil Bickford","LAD",1,0,1,0.333,0,0,0,1,0,0,1,0,82.1,0,0,1.99,4.53,4.56,0,NA,1,0.333,0.333,0.167,0.25,0,0,2023-03-31,"https://www.fangraphs.com/leaders.aspx?pos=all&stats=pit&lg=all&qual=0&type=c%2C7%2C8%2C13%2C120%2C121%2C40%2C43%2C44%2C48%2C47%2C49%2C51%2C322%2C42%2C6%2C45%2C62%2C122%2C59%2C55%2C57%2C105%2C112%2C113%2C111%2C325%2C328&season=2023&month=1000&season1=2023&ind=0&team=0&rost=0&age=0&filter=&players=0&startdate=2023-03-30&enddate=2023-03-30&page=1_1000"
"A.J. Minter","ATL",1,0,1,0.25,0.25,0,0,1,0.5,0.5,0,0,89.1,1,0,4.99,4.99,6.05,0,NA,1,0.429,0.75,0.19,0.333,0,0.5,2023-03-31,"https://www.fangraphs.com/leaders.aspx?pos=all&stats=pit&lg=all&qual=0&type=c%2C7%2C8%2C13%2C120%2C121%2C40%2C43%2C44%2C48%2C47%2C49%2C51%2C322%2C42%2C6%2C45%2C62%2C122%2C59%2C55%2C57%2C105%2C112%2C113%2C111%2C325%2C328&season=2023&month=1000&season1=2023&ind=0&team=0&rost=0&age=0&filter=&players=0&startdate=2023-03-30&enddate=2023-03-30&page=1_1000"
"Keegan Akin","BAL",1,0,1,0.5,0,0,0.5,1,1,0,0,0,83,1,0,-0.01,-0.01,-0.42,0.1,NA,1,0.364,0.5,0.118,0.353,0,0.5,2023-03-31,"https://www.fangraphs.com/leaders.aspx?pos=all&stats=pit&lg=all&qual=0&type=c%2C7%2C8%2C13%2C120%2C121%2C40%2C43%2C44%2C48%2C47%2C49%2C51%2C322%2C42%2C6%2C45%2C62%2C122%2C59%2C55%2C57%2C105%2C112%2C113%2C111%2C325%2C328&season=2023&month=1000&season1=2023&ind=0&team=0&rost=0&age=0&filter=&players=0&startdate=2023-03-30&enddate=2023-03-30&page=1_1000"
"Colin Poche","TBR",1,0,1,0,0.2,0,0.25,1,0.25,0.5,0.25,0,95.1,2,0,6.99,8.26,8.88,0,NA,1,0.222,0.8,0.056,0.5,0,0.5,2023-03-31,"https://www.fangraphs.com/leaders.aspx?pos=all&stats=pit&lg=all&qual=0&type=c%2C7%2C8%2C13%2C120%2C121%2C40%2C43%2C44%2C48%2C47%2C49%2C51%2C322%2C42%2C6%2C45%2C62%2C122%2C59%2C55%2C57%2C105%2C112%2C113%2C111%2C325%2C328&season=2023&month=1000&season1=2023&ind=0&team=0&rost=0&age=0&filter=&players=0&startdate=2023-03-30&enddate=2023-03-30&page=1_1000"
"Shane Bieber","CLE",1,1,6,0.13,0,0,0.3,1,0.45,0.2,0.35,0,92.1,1,0,2.99,4.47,4.46,0.1,6,NA,0.279,0.739,0.115,0.506,0.1,0.5,2023-03-31,"https://www.fangraphs.com/leaders.aspx?pos=all&stats=pit&lg=all&qual=0&type=c%2C7%2C8%2C13%2C120%2C121%2C40%2C43%2C44%2C48%2C47%2C49%2C51%2C322%2C42%2C6%2C45%2C62%2C122%2C59%2C55%2C57%2C105%2C112%2C113%2C111%2C325%2C328&season=2023&month=1000&season1=2023&ind=0&team=0&rost=0&age=0&filter=&players=0&startdate=2023-03-30&enddate=2023-03-30&page=1_1000"
"Andrew Vasquez","PHI",1,0,1.1,0,0.2,0,0.25,1,0.5,0,0.5,0,82.8,1.5,0,6.24,8.15,8.88,0,NA,1.1,0.071,0.4,0,0.364,0,0,2023-03-31,"https://www.fangraphs.com/leaders.aspx?pos=all&stats=pit&lg=all&qual=0&type=c%2C7%2C8%2C13%2C120%2C121%2C40%2C43%2C44%2C48%2C47%2C49%2C51%2C322%2C42%2C6%2C45%2C62%2C122%2C59%2C55%2C57%2C105%2C112%2C113%2C111%2C325%2C328&season=2023&month=1000&season1=2023&ind=0&team=0&rost=0&age=0&filter=&players=0&startdate=2023-03-30&enddate=2023-03-30&page=1_1000"
"Zach Jackson","OAK",1,0,1,0.25,0.25,0,0,1,0,0,1,0,98.3,1,0,4.99,7.53,7.49,0,NA,1,0.188,NA,0.105,0.158,0,0.5,2023-03-31,"https://www.fangraphs.com/leaders.aspx?pos=all&stats=pit&lg=all&qual=0&type=c%2C7%2C8%2C13%2C120%2C121%2C40%2C43%2C44%2C48%2C47%2C49%2C51%2C322%2C42%2C6%2C45%2C62%2C122%2C59%2C55%2C57%2C105%2C112%2C113%2C111%2C325%2C328&season=2023&month=1000&season1=2023&ind=0&team=0&rost=0&age=0&filter=&players=0&startdate=2023-03-30&enddate=2023-03-30&page=1_1000"
"Jason Foley","DET",1,0,0.2,0,0,0,0.667,1,1,0,0,0,83,3,0,3.99,3.99,-1.07,0,NA,0.2,0,1,0.111,0.667,0,0,2023-03-31,"https://www.fangraphs.com/leaders.aspx?pos=all&stats=pit&lg=all&qual=0&type=c%2C7%2C8%2C13%2C120%2C121%2C40%2C43%2C44%2C48%2C47%2C49%2C51%2C322%2C42%2C6%2C45%2C62%2C122%2C59%2C55%2C57%2C105%2C112%2C113%2C111%2C325%2C328&season=2023&month=1000&season1=2023&ind=0&team=0&rost=0&age=0&filter=&players=0&startdate=2023-03-30&enddate=2023-03-30&page=1_1000"
"David Bednar","PIT",1,0,1,0.5,0,0,0.5,1,0.5,0,0.5,0,89.3,1,0,-0.01,1.26,0.67,0.1,NA,1,0.444,0.5,0.222,0.5,0,0.5,2023-03-31,"https://www.fangraphs.com/leaders.aspx?pos=all&stats=pit&lg=all&qual=0&type=c%2C7%2C8%2C13%2C120%2C121%2C40%2C43%2C44%2C48%2C47%2C49%2C51%2C322%2C42%2C6%2C45%2C62%2C122%2C59%2C55%2C57%2C105%2C112%2C113%2C111%2C325%2C328&season=2023&month=1000&season1=2023&ind=0&team=0&rost=0&age=0&filter=&players=0&startdate=2023-03-30&enddate=2023-03-30&page=1_1000"
"Cionel Perez","BAL",1,0,1,0,0,0,0,1,0.667,0,0.333,0,77.2,0,0,3.99,5.26,4.83,0,NA,1,0.25,0.667,0,0.6,0,0,2023-03-31,"https://www.fangraphs.com/leaders.aspx?pos=all&stats=pit&lg=all&qual=0&type=c%2C7%2C8%2C13%2C120%2C121%2C40%2C43%2C44%2C48%2C47%2C49%2C51%2C322%2C42%2C6%2C45%2C62%2C122%2C59%2C55%2C57%2C105%2C112%2C113%2C111%2C325%2C328&season=2023&month=1000&season1=2023&ind=0&team=0&rost=0&age=0&filter=&players=0&startdate=2023-03-30&enddate=2023-03-30&page=1_1000"
"Jonathan Loaisiga","NYY",1,0,0.1,0,0,0,0,1,0,0,1,0,80.5,0,0,3.99,7.8,13.36,0,NA,0.1,NA,1,0,1,0,0,2023-03-31,"https://www.fangraphs.com/leaders.aspx?pos=all&stats=pit&lg=all&qual=0&type=c%2C7%2C8%2C13%2C120%2C121%2C40%2C43%2C44%2C48%2C47%2C49%2C51%2C322%2C42%2C6%2C45%2C62%2C122%2C59%2C55%2C57%2C105%2C112%2C113%2C111%2C325%2C328&season=2023&month=1000&season1=2023&ind=0&team=0&rost=0&age=0&filter=&players=0&startdate=2023-03-30&enddate=2023-03-30&page=1_1000"
"Shohei Ohtani","LAA",1,1,6,0.435,0.13,0,0.2,1,0.1,0.2,0.7,0,89,0.83,0,2.16,3.64,3.02,0.3,6,NA,0.259,0.478,0.129,0.419,0,0.2,2023-03-31,"https://www.fangraphs.com/leaders.aspx?pos=all&stats=pit&lg=all&qual=0&type=c%2C7%2C8%2C13%2C120%2C121%2C40%2C43%2C44%2C48%2C47%2C49%2C51%2C322%2C42%2C6%2C45%2C62%2C122%2C59%2C55%2C57%2C105%2C112%2C113%2C111%2C325%2C328&season=2023&month=1000&season1=2023&ind=0&team=0&rost=0&age=0&filter=&players=0&startdate=2023-03-30&enddate=2023-03-30&page=1_1000"
"Keegan Thompson","CHC",1,0,1,0.25,0.25,0,0,1,0,0,1,0,87,1,0,4.99,7.53,7.49,0,NA,1,0.25,0.5,0.071,0.429,0,0.5,2023-03-31,"https://www.fangraphs.com/leaders.aspx?pos=all&stats=pit&lg=all&qual=0&type=c%2C7%2C8%2C13%2C120%2C121%2C40%2C43%2C44%2C48%2C47%2C49%2C51%2C322%2C42%2C6%2C45%2C62%2C122%2C59%2C55%2C57%2C105%2C112%2C113%2C111%2C325%2C328&season=2023&month=1000&season1=2023&ind=0&team=0&rost=0&age=0&filter=&players=0&startdate=2023-03-30&enddate=2023-03-30&page=1_1000"
"Kevin Ginkel","ARI",1,0,0.2,0.5,0,0,0,1,0,0,1,0,93.3,0,0,0.99,2.9,1.76,0,NA,0.2,0.556,0.5,0.083,0.182,0,0,2023-03-31,"https://www.fangraphs.com/leaders.aspx?pos=all&stats=pit&lg=all&qual=0&type=c%2C7%2C8%2C13%2C120%2C121%2C40%2C43%2C44%2C48%2C47%2C49%2C51%2C322%2C42%2C6%2C45%2C62%2C122%2C59%2C55%2C57%2C105%2C112%2C113%2C111%2C325%2C328&season=2023&month=1000&season1=2023&ind=0&team=0&rost=0&age=0&filter=&players=0&startdate=2023-03-30&enddate=2023-03-30&page=1_1000"
"Trevor Stephan","CLE",1,0,1,0.333,0,0,0,1,0.5,0,0.5,0,95.7,0,0,1.99,3.26,1.99,0,NA,1,0.3,0.667,0.083,0.167,0.5,0.5,2023-03-31,"https://www.fangraphs.com/leaders.aspx?pos=all&stats=pit&lg=all&qual=0&type=c%2C7%2C8%2C13%2C120%2C121%2C40%2C43%2C44%2C48%2C47%2C49%2C51%2C322%2C42%2C6%2C45%2C62%2C122%2C59%2C55%2C57%2C105%2C112%2C113%2C111%2C325%2C328&season=2023&month=1000&season1=2023&ind=0&team=0&rost=0&age=0&filter=&players=0&startdate=2023-03-30&enddate=2023-03-30&page=1_1000"
"Dylan Lee","ATL",1,0,0.2,0,0.333,0,0,1,0,0.5,0.5,0,77.9,1.5,0,8.49,10.4,12.64,0,NA,0.2,0.286,0.667,0.143,0.5,0,0,2023-03-31,"https://www.fangraphs.com/leaders.aspx?pos=all&stats=pit&lg=all&qual=0&type=c%2C7%2C8%2C13%2C120%2C121%2C40%2C43%2C44%2C48%2C47%2C49%2C51%2C322%2C42%2C6%2C45%2C62%2C122%2C59%2C55%2C57%2C105%2C112%2C113%2C111%2C325%2C328&season=2023&month=1000&season1=2023&ind=0&team=0&rost=0&age=0&filter=&players=0&startdate=2023-03-30&enddate=2023-03-30&page=1_1000"
"Zach Pop","TOR",1,0,1.1,0.333,0,0,0,1,1,0,0,0,101.2,0,0,2.49,2.49,-0.59,0,NA,1.1,0.125,0.333,0.077,0.385,0,0.5,2023-03-31,"https://www.fangraphs.com/leaders.aspx?pos=all&stats=pit&lg=all&qual=0&type=c%2C7%2C8%2C13%2C120%2C121%2C40%2C43%2C44%2C48%2C47%2C49%2C51%2C322%2C42%2C6%2C45%2C62%2C122%2C59%2C55%2C57%2C105%2C112%2C113%2C111%2C325%2C328&season=2023&month=1000&season1=2023&ind=0&team=0&rost=0&age=0&filter=&players=0&startdate=2023-03-30&enddate=2023-03-30&page=1_1000"
"Griffin Jax","MIN",1,0,1,0,0.333,0,0,1,0.5,0.5,0,0,95.9,1,0,6.99,6.99,11.03,0,NA,1,0,0.333,0,0.444,0,0.5,2023-03-31,"https://www.fangraphs.com/leaders.aspx?pos=all&stats=pit&lg=all&qual=0&type=c%2C7%2C8%2C13%2C120%2C121%2C40%2C43%2C44%2C48%2C47%2C49%2C51%2C322%2C42%2C6%2C45%2C62%2C122%2C59%2C55%2C57%2C105%2C112%2C113%2C111%2C325%2C328&season=2023&month=1000&season1=2023&ind=0&team=0&rost=0&age=0&filter=&players=0&startdate=2023-03-30&enddate=2023-03-30&page=1_1000"
"Zack Kelly","BOS",1,0,0.2,0.5,0.5,0,0,1,0,0,0,0,NA,3,0,6.99,6.99,10.3,0,NA,0.2,0.214,0.25,0.045,0.364,NA,NA,2023-03-31,"https://www.fangraphs.com/leaders.aspx?pos=all&stats=pit&lg=all&qual=0&type=c%2C7%2C8%2C13%2C120%2C121%2C40%2C43%2C44%2C48%2C47%2C49%2C51%2C322%2C42%2C6%2C45%2C62%2C122%2C59%2C55%2C57%2C105%2C112%2C113%2C111%2C325%2C328&season=2023&month=1000&season1=2023&ind=0&team=0&rost=0&age=0&filter=&players=0&startdate=2023-03-30&enddate=2023-03-30&page=1_1000"
"Steven Wilson","SDP",1,0,1,0.4,0,0,0.667,1,0.333,0.333,0.333,0,79.8,2,0,-0.01,1.26,1.4,0,NA,1,0.6,0.8,0.1,0.25,0,0,2023-03-31,"https://www.fangraphs.com/leaders.aspx?pos=all&stats=pit&lg=all&qual=0&type=c%2C7%2C8%2C13%2C120%2C121%2C40%2C43%2C44%2C48%2C47%2C49%2C51%2C322%2C42%2C6%2C45%2C62%2C122%2C59%2C55%2C57%2C105%2C112%2C113%2C111%2C325%2C328&season=2023&month=1000&season1=2023&ind=0&team=0&rost=0&age=0&filter=&players=0&startdate=2023-03-30&enddate=2023-03-30&page=1_1000"
"Andres Munoz","SEA",1,0,1,0,0,0,0.4,1,0.8,0,0.2,0,83.6,2,0,3.99,5.26,2.99,0,NA,1,0.2,0.2,0.067,0.667,0,0.4,2023-03-31,"https://www.fangraphs.com/leaders.aspx?pos=all&stats=pit&lg=all&qual=0&type=c%2C7%2C8%2C13%2C120%2C121%2C40%2C43%2C44%2C48%2C47%2C49%2C51%2C322%2C42%2C6%2C45%2C62%2C122%2C59%2C55%2C57%2C105%2C112%2C113%2C111%2C325%2C328&season=2023&month=1000&season1=2023&ind=0&team=0&rost=0&age=0&filter=&players=0&startdate=2023-03-30&enddate=2023-03-30&page=1_1000"
"Kyle Nelson","ARI",1,0,1,0.4,0,0,0.667,1,0.333,0.667,0,0,86.7,2,0,-0.01,-0.01,1.16,0,NA,1,0.4,0.6,0.25,0.5,0,0,2023-03-31,"https://www.fangraphs.com/leaders.aspx?pos=all&stats=pit&lg=all&qual=0&type=c%2C7%2C8%2C13%2C120%2C121%2C40%2C43%2C44%2C48%2C47%2C49%2C51%2C322%2C42%2C6%2C45%2C62%2C122%2C59%2C55%2C57%2C105%2C112%2C113%2C111%2C325%2C328&season=2023&month=1000&season1=2023&ind=0&team=0&rost=0&age=0&filter=&players=0&startdate=2023-03-30&enddate=2023-03-30&page=1_1000"
"Jhoan Duran","MIN",1,0,1,0.25,0.25,0,0,1,0.5,0,0.5,0,92.7,1,0,4.99,6.26,6.33,0,NA,1,0.462,0.5,0.235,0.235,0,0.5,2023-03-31,"https://www.fangraphs.com/leaders.aspx?pos=all&stats=pit&lg=all&qual=0&type=c%2C7%2C8%2C13%2C120%2C121%2C40%2C43%2C44%2C48%2C47%2C49%2C51%2C322%2C42%2C6%2C45%2C62%2C122%2C59%2C55%2C57%2C105%2C112%2C113%2C111%2C325%2C328&season=2023&month=1000&season1=2023&ind=0&team=0&rost=0&age=0&filter=&players=0&startdate=2023-03-30&enddate=2023-03-30&page=1_1000"
"Dauri Moreta","PIT",1,0,1,0.6,0.4,0,0,1,0,0,0,0,NA,2,0,3.99,3.99,6.66,0,NA,1,0.063,0.4,0.13,0.304,NA,NA,2023-03-31,"https://www.fangraphs.com/leaders.aspx?pos=all&stats=pit&lg=all&qual=0&type=c%2C7%2C8%2C13%2C120%2C121%2C40%2C43%2C44%2C48%2C47%2C49%2C51%2C322%2C42%2C6%2C45%2C62%2C122%2C59%2C55%2C57%2C105%2C112%2C113%2C111%2C325%2C328&season=2023&month=1000&season1=2023&ind=0&team=0&rost=0&age=0&filter=&players=0&startdate=2023-03-30&enddate=2023-03-30&page=1_1000"
"Dany Jimenez","OAK",1,0,1,0.25,0.25,0,0,1,0,0,1,0,85.5,1,0,4.99,7.53,7.49,0,NA,1,0.267,0.25,0.111,0.444,0,0.5,2023-03-31,"https://www.fangraphs.com/leaders.aspx?pos=all&stats=pit&lg=all&qual=0&type=c%2C7%2C8%2C13%2C120%2C121%2C40%2C43%2C44%2C48%2C47%2C49%2C51%2C322%2C42%2C6%2C45%2C62%2C122%2C59%2C55%2C57%2C105%2C112%2C113%2C111%2C325%2C328&season=2023&month=1000&season1=2023&ind=0&team=0&rost=0&age=0&filter=&players=0&startdate=2023-03-30&enddate=2023-03-30&page=1_1000"
"Jake Bird","COL",1,0,1,0,0.25,0,0,1,0.333,0,0.667,0,87.8,1,0,6.99,9.53,10.48,0,NA,1,0,0.25,0,0.25,0,0.333,2023-03-31,"https://www.fangraphs.com/leaders.aspx?pos=all&stats=pit&lg=all&qual=0&type=c%2C7%2C8%2C13%2C120%2C121%2C40%2C43%2C44%2C48%2C47%2C49%2C51%2C322%2C42%2C6%2C45%2C62%2C122%2C59%2C55%2C57%2C105%2C112%2C113%2C111%2C325%2C328&season=2023&month=1000&season1=2023&ind=0&team=0&rost=0&age=0&filter=&players=0&startdate=2023-03-30&enddate=2023-03-30&page=1_1000"
"Peter Strzelecki","MIL",1,0,1,0,0,0,0,1,1,0,0,0,91.7,0,0,3.99,3.99,-1.07,0,NA,1,0.2,0.667,0,0.5,0,0,2023-03-31,"https://www.fangraphs.com/leaders.aspx?pos=all&stats=pit&lg=all&qual=0&type=c%2C7%2C8%2C13%2C120%2C121%2C40%2C43%2C44%2C48%2C47%2C49%2C51%2C322%2C42%2C6%2C45%2C62%2C122%2C59%2C55%2C57%2C105%2C112%2C113%2C111%2C325%2C328&season=2023&month=1000&season1=2023&ind=0&team=0&rost=0&age=0&filter=&players=0&startdate=2023-03-30&enddate=2023-03-30&page=1_1000"
"Shane McClanahan","TBR",1,1,6,0.273,0.045,0,0.267,1,0.6,0.133,0.267,0,89.9,0.83,0,2.49,3.34,2.94,0.2,6,NA,0.429,0.682,0.172,0.437,0,0.4,2023-03-31,"https://www.fangraphs.com/leaders.aspx?pos=all&stats=pit&lg=all&qual=0&type=c%2C7%2C8%2C13%2C120%2C121%2C40%2C43%2C44%2C48%2C47%2C49%2C51%2C322%2C42%2C6%2C45%2C62%2C122%2C59%2C55%2C57%2C105%2C112%2C113%2C111%2C325%2C328&season=2023&month=1000&season1=2023&ind=0&team=0&rost=0&age=0&filter=&players=0&startdate=2023-03-30&enddate=2023-03-30&page=1_1000"
"Cole Ragans","TEX",1,0,0.1,0,0.333,0,0.5,1,0.5,0,0.5,0,100.9,6,0,12.99,16.8,11.83,0,NA,0.1,0.333,NA,0,0.4,0,1,2023-03-31,"https://www.fangraphs.com/leaders.aspx?pos=all&stats=pit&lg=all&qual=0&type=c%2C7%2C8%2C13%2C120%2C121%2C40%2C43%2C44%2C48%2C47%2C49%2C51%2C322%2C42%2C6%2C45%2C62%2C122%2C59%2C55%2C57%2C105%2C112%2C113%2C111%2C325%2C328&season=2023&month=1000&season1=2023&ind=0&team=0&rost=0&age=0&filter=&players=0&startdate=2023-03-30&enddate=2023-03-30&page=1_1000"
"Mason Thompson","WSN",1,0,2,0.429,0,0,0.25,1,0.25,0.25,0.5,0,84.4,0.5,0,0.99,2.26,1.29,0.1,NA,2,0.5,0.857,0.087,0.478,0,0,2023-03-31,"https://www.fangraphs.com/leaders.aspx?pos=all&stats=pit&lg=all&qual=0&type=c%2C7%2C8%2C13%2C120%2C121%2C40%2C43%2C44%2C48%2C47%2C49%2C51%2C322%2C42%2C6%2C45%2C62%2C122%2C59%2C55%2C57%2C105%2C112%2C113%2C111%2C325%2C328&season=2023&month=1000&season1=2023&ind=0&team=0&rost=0&age=0&filter=&players=0&startdate=2023-03-30&enddate=2023-03-30&page=1_1000"
"Dylan Coleman","KCR",1,0,1,0,0.333,0,0.25,1,0.25,0.25,0.5,0,101.5,3,0,9.99,12.53,12.1,-0.1,NA,1,0.071,0.333,0.045,0.364,0.25,1,2023-03-31,"https://www.fangraphs.com/leaders.aspx?pos=all&stats=pit&lg=all&qual=0&type=c%2C7%2C8%2C13%2C120%2C121%2C40%2C43%2C44%2C48%2C47%2C49%2C51%2C322%2C42%2C6%2C45%2C62%2C122%2C59%2C55%2C57%2C105%2C112%2C113%2C111%2C325%2C328&season=2023&month=1000&season1=2023&ind=0&team=0&rost=0&age=0&filter=&players=0&startdate=2023-03-30&enddate=2023-03-30&page=1_1000"
"Colin Holderman","PIT",1,0,1,0.333,0,0,0.5,1,1,0,0,0,94.1,1,0,1.99,1.99,-0.59,0,NA,1,0.5,0.667,0.222,0.333,0,0.5,2023-03-31,"https://www.fangraphs.com/leaders.aspx?pos=all&stats=pit&lg=all&qual=0&type=c%2C7%2C8%2C13%2C120%2C121%2C40%2C43%2C44%2C48%2C47%2C49%2C51%2C322%2C42%2C6%2C45%2C62%2C122%2C59%2C55%2C57%2C105%2C112%2C113%2C111%2C325%2C328&season=2023&month=1000&season1=2023&ind=0&team=0&rost=0&age=0&filter=&players=0&startdate=2023-03-30&enddate=2023-03-30&page=1_1000"
"Josh Winckowski","BOS",1,0,1,0.2,0,0,0.25,1,0.75,0,0.25,0,92.4,1,0,1.99,3.26,2.11,0,NA,1,0.333,0.8,0.133,0.6,0.25,0.75,2023-03-31,"https://www.fangraphs.com/leaders.aspx?pos=all&stats=pit&lg=all&qual=0&type=c%2C7%2C8%2C13%2C120%2C121%2C40%2C43%2C44%2C48%2C47%2C49%2C51%2C322%2C42%2C6%2C45%2C62%2C122%2C59%2C55%2C57%2C105%2C112%2C113%2C111%2C325%2C328&season=2023&month=1000&season1=2023&ind=0&team=0&rost=0&age=0&filter=&players=0&startdate=2023-03-30&enddate=2023-03-30&page=1_1000"
"Logan Gillaspie","BAL",1,0,0.1,1,0,0,0,1,0,0,0,0,NA,0,0,-2.01,-2.01,-0.23,0,NA,0.1,0.6,1,0.333,0.167,NA,NA,2023-03-31,"https://www.fangraphs.com/leaders.aspx?pos=all&stats=pit&lg=all&qual=0&type=c%2C7%2C8%2C13%2C120%2C121%2C40%2C43%2C44%2C48%2C47%2C49%2C51%2C322%2C42%2C6%2C45%2C62%2C122%2C59%2C55%2C57%2C105%2C112%2C113%2C111%2C325%2C328&season=2023&month=1000&season1=2023&ind=0&team=0&rost=0&age=0&filter=&players=0&startdate=2023-03-30&enddate=2023-03-30&page=1_1000"
"Carlos Hernandez","KCR",1,0,1,0.25,0,0,0.333,1,0.333,0.333,0.333,0,93.5,1,0,1.99,3.26,2.84,0,NA,1,0.167,0.75,0.133,0.6,0,0.333,2023-03-31,"https://www.fangraphs.com/leaders.aspx?pos=all&stats=pit&lg=all&qual=0&type=c%2C7%2C8%2C13%2C120%2C121%2C40%2C43%2C44%2C48%2C47%2C49%2C51%2C322%2C42%2C6%2C45%2C62%2C122%2C59%2C55%2C57%2C105%2C112%2C113%2C111%2C325%2C328&season=2023&month=1000&season1=2023&ind=0&team=0&rost=0&age=0&filter=&players=0&startdate=2023-03-30&enddate=2023-03-30&page=1_1000"
"Ron Marinaccio","NYY",1,0,2,0.429,0.143,0,0,1,0.667,0,0.333,0,85.3,0.5,0,2.49,3.13,2.66,0,NA,2,0.48,0.571,0.075,0.342,0,0,2023-03-31,"https://www.fangraphs.com/leaders.aspx?pos=all&stats=pit&lg=all&qual=0&type=c%2C7%2C8%2C13%2C120%2C121%2C40%2C43%2C44%2C48%2C47%2C49%2C51%2C322%2C42%2C6%2C45%2C62%2C122%2C59%2C55%2C57%2C105%2C112%2C113%2C111%2C325%2C328&season=2023&month=1000&season1=2023&ind=0&team=0&rost=0&age=0&filter=&players=0&startdate=2023-03-30&enddate=2023-03-30&page=1_1000"
"Gus Varland","MIL",1,0,1,0.167,0.167,0,0.5,1,0.75,0.25,0,0,87.8,3,0,4.99,4.99,4.27,0,NA,1,0.3,0.667,0.105,0.474,0,0.75,2023-03-31,"https://www.fangraphs.com/leaders.aspx?pos=all&stats=pit&lg=all&qual=0&type=c%2C7%2C8%2C13%2C120%2C121%2C40%2C43%2C44%2C48%2C47%2C49%2C51%2C322%2C42%2C6%2C45%2C62%2C122%2C59%2C55%2C57%2C105%2C112%2C113%2C111%2C325%2C328&season=2023&month=1000&season1=2023&ind=0&team=0&rost=0&age=0&filter=&players=0&startdate=2023-03-30&enddate=2023-03-30&page=1_1000"
"Matt Brash","SEA",1,0,1,0.5,0,0,0.5,1,0,0.5,0.5,0,90.6,1,0,-0.01,1.26,0.91,0.1,NA,1,0.364,0.25,0.222,0.389,0,0.5,2023-03-31,"https://www.fangraphs.com/leaders.aspx?pos=all&stats=pit&lg=all&qual=0&type=c%2C7%2C8%2C13%2C120%2C121%2C40%2C43%2C44%2C48%2C47%2C49%2C51%2C322%2C42%2C6%2C45%2C62%2C122%2C59%2C55%2C57%2C105%2C112%2C113%2C111%2C325%2C328&season=2023&month=1000&season1=2023&ind=0&team=0&rost=0&age=0&filter=&players=0&startdate=2023-03-30&enddate=2023-03-30&page=1_1000"
"Zack Thompson","STL",1,0,1.2,0.5,0,0,0.333,1,0.667,0.333,0,0,98,0.6,0,0.39,0.39,0.22,0.1,NA,1.2,0.3,0.5,0.13,0.565,0,0.667,2023-03-31,"https://www.fangraphs.com/leaders.aspx?pos=all&stats=pit&lg=all&qual=0&type=c%2C7%2C8%2C13%2C120%2C121%2C40%2C43%2C44%2C48%2C47%2C49%2C51%2C322%2C42%2C6%2C45%2C62%2C122%2C59%2C55%2C57%2C105%2C112%2C113%2C111%2C325%2C328&season=2023&month=1000&season1=2023&ind=0&team=0&rost=0&age=0&filter=&players=0&startdate=2023-03-30&enddate=2023-03-30&page=1_1000"
"Andrew Nardi","MIA",1,0,0.1,0,0,0,0,1,0,0,1,0,86.3,0,0,3.99,7.8,13.36,0,NA,0.1,NA,1,0,1,0,0,2023-03-31,"https://www.fangraphs.com/leaders.aspx?pos=all&stats=pit&lg=all&qual=0&type=c%2C7%2C8%2C13%2C120%2C121%2C40%2C43%2C44%2C48%2C47%2C49%2C51%2C322%2C42%2C6%2C45%2C62%2C122%2C59%2C55%2C57%2C105%2C112%2C113%2C111%2C325%2C328&season=2023&month=1000&season1=2023&ind=0&team=0&rost=0&age=0&filter=&players=0&startdate=2023-03-30&enddate=2023-03-30&page=1_1000"
"Dylan Cease","CHW",1,1,6.1,0.455,0,0,0.182,0.667,0.455,0.182,0.364,0,90.5,0.32,1.42,1.31,2.11,1.34,0.3,6.1,NA,0.442,0.818,0.163,0.395,0.091,0.545,2023-03-31,"https://www.fangraphs.com/leaders.aspx?pos=all&stats=pit&lg=all&qual=0&type=c%2C7%2C8%2C13%2C120%2C121%2C40%2C43%2C44%2C48%2C47%2C49%2C51%2C322%2C42%2C6%2C45%2C62%2C122%2C59%2C55%2C57%2C105%2C112%2C113%2C111%2C325%2C328&season=2023&month=1000&season1=2023&ind=0&team=0&rost=0&age=0&filter=&players=0&startdate=2023-03-30&enddate=2023-03-30&page=1_1000"
"Kyle Muller","OAK",1,1,5,0.158,0.053,0,0.267,0.8,0.533,0.2,0.267,0,91.2,1,1.8,3.39,4.41,4.3,0.1,5,NA,0.31,0.368,0.069,0.417,0,0.467,2023-03-31,"https://www.fangraphs.com/leaders.aspx?pos=all&stats=pit&lg=all&qual=0&type=c%2C7%2C8%2C13%2C120%2C121%2C40%2C43%2C44%2C48%2C47%2C49%2C51%2C322%2C42%2C6%2C45%2C62%2C122%2C59%2C55%2C57%2C105%2C112%2C113%2C111%2C325%2C328&season=2023&month=1000&season1=2023&ind=0&team=0&rost=0&age=0&filter=&players=0&startdate=2023-03-30&enddate=2023-03-30&page=1_1000"
"Max Fried","ATL",1,1,3.1,0.154,0,0,0.364,0.75,0.455,0.091,0.455,0,86.4,1.2,2.7,2.79,4.7,4.34,0.1,3.1,NA,0.4,0.615,0.093,0.419,0,0.273,2023-03-31,"https://www.fangraphs.com/leaders.aspx?pos=all&stats=pit&lg=all&qual=0&type=c%2C7%2C8%2C13%2C120%2C121%2C40%2C43%2C44%2C48%2C47%2C49%2C51%2C322%2C42%2C6%2C45%2C62%2C122%2C59%2C55%2C57%2C105%2C112%2C113%2C111%2C325%2C328&season=2023&month=1000&season1=2023&ind=0&team=0&rost=0&age=0&filter=&players=0&startdate=2023-03-30&enddate=2023-03-30&page=1_1000"
"Julio Urias","LAD",1,1,6,0.286,0,0,0.286,0.6,0.429,0.357,0.214,0,92.9,0.67,3,2.49,3.13,2.61,0.2,6,NA,0.413,0.667,0.114,0.418,0,0.5,2023-03-31,"https://www.fangraphs.com/leaders.aspx?pos=all&stats=pit&lg=all&qual=0&type=c%2C7%2C8%2C13%2C120%2C121%2C40%2C43%2C44%2C48%2C47%2C49%2C51%2C322%2C42%2C6%2C45%2C62%2C122%2C59%2C55%2C57%2C105%2C112%2C113%2C111%2C325%2C328&season=2023&month=1000&season1=2023&ind=0&team=0&rost=0&age=0&filter=&players=0&startdate=2023-03-30&enddate=2023-03-30&page=1_1000"
"German Marquez","COL",1,1,6,0.208,0,0,0.263,0.6,0.471,0.294,0.235,0,92.3,0.83,3,2.33,3.17,3.33,0.2,6,NA,0.306,0.5,0.115,0.437,0.053,0.632,2023-03-31,"https://www.fangraphs.com/leaders.aspx?pos=all&stats=pit&lg=all&qual=0&type=c%2C7%2C8%2C13%2C120%2C121%2C40%2C43%2C44%2C48%2C47%2C49%2C51%2C322%2C42%2C6%2C45%2C62%2C122%2C59%2C55%2C57%2C105%2C112%2C113%2C111%2C325%2C328&season=2023&month=1000&season1=2023&ind=0&team=0&rost=0&age=0&filter=&players=0&startdate=2023-03-30&enddate=2023-03-30&page=1_1000"
"Sandy Alcantara","MIA",1,1,5.2,0.087,0.174,0,0.176,0.571,0.647,0.294,0.059,0,92.1,1.24,3.18,5.4,5.63,6.05,0,5.2,NA,0.305,0.565,0.144,0.385,0,0.412,2023-03-31,"https://www.fangraphs.com/leaders.aspx?pos=all&stats=pit&lg=all&qual=0&type=c%2C7%2C8%2C13%2C120%2C121%2C40%2C43%2C44%2C48%2C47%2C49%2C51%2C322%2C42%2C6%2C45%2C62%2C122%2C59%2C55%2C57%2C105%2C112%2C113%2C111%2C325%2C328&season=2023&month=1000&season1=2023&ind=0&team=0&rost=0&age=0&filter=&players=0&startdate=2023-03-30&enddate=2023-03-30&page=1_1000"
"Zack Greinke","KCR",1,1,5.1,0.174,0.043,0,0.333,0.714,0.333,0.333,0.333,0,90.9,1.31,3.38,3.05,4.48,4.48,0.1,5.1,NA,0.432,0.652,0.113,0.45,0,0.278,2023-03-31,"https://www.fangraphs.com/leaders.aspx?pos=all&stats=pit&lg=all&qual=0&type=c%2C7%2C8%2C13%2C120%2C121%2C40%2C43%2C44%2C48%2C47%2C49%2C51%2C322%2C42%2C6%2C45%2C62%2C122%2C59%2C55%2C57%2C105%2C112%2C113%2C111%2C325%2C328&season=2023&month=1000&season1=2023&ind=0&team=0&rost=0&age=0&filter=&players=0&startdate=2023-03-30&enddate=2023-03-30&page=1_1000"
"Max Scherzer","NYM",1,1,6,0.273,0.091,1.5,0.231,0.652,0.357,0.214,0.429,0.167,91.2,1,4.5,5.16,4.26,3.89,0,6,NA,0.389,0.818,0.143,0.407,0.071,0.286,2023-03-31,"https://www.fangraphs.com/leaders.aspx?pos=all&stats=pit&lg=all&qual=0&type=c%2C7%2C8%2C13%2C120%2C121%2C40%2C43%2C44%2C48%2C47%2C49%2C51%2C322%2C42%2C6%2C45%2C62%2C122%2C59%2C55%2C57%2C105%2C112%2C113%2C111%2C325%2C328&season=2023&month=1000&season1=2023&ind=0&team=0&rost=0&age=0&filter=&players=0&startdate=2023-03-30&enddate=2023-03-30&page=1_1000"
"Jonathan Hernandez","TEX",1,0,2,0.286,0,0,0.2,0,0.6,0,0.4,0,86.5,0.5,4.5,1.99,3.26,2.24,0,NA,2,0.308,0.571,0.043,0.435,0.4,0.4,2023-03-31,"https://www.fangraphs.com/leaders.aspx?pos=all&stats=pit&lg=all&qual=0&type=c%2C7%2C8%2C13%2C120%2C121%2C40%2C43%2C44%2C48%2C47%2C49%2C51%2C322%2C42%2C6%2C45%2C62%2C122%2C59%2C55%2C57%2C105%2C112%2C113%2C111%2C325%2C328&season=2023&month=1000&season1=2023&ind=0&team=0&rost=0&age=0&filter=&players=0&startdate=2023-03-30&enddate=2023-03-30&page=1_1000"
"Brock Burke","TEX",1,0,2,0.333,0,0,0.5,0.667,0.667,0,0.333,0,82.9,1.5,4.5,0.99,2.26,1.62,0.1,NA,2,0.455,0.889,0.205,0.436,0,0.333,2023-03-31,"https://www.fangraphs.com/leaders.aspx?pos=all&stats=pit&lg=all&qual=0&type=c%2C7%2C8%2C13%2C120%2C121%2C40%2C43%2C44%2C48%2C47%2C49%2C51%2C322%2C42%2C6%2C45%2C62%2C122%2C59%2C55%2C57%2C105%2C112%2C113%2C111%2C325%2C328&season=2023&month=1000&season1=2023&ind=0&team=0&rost=0&age=0&filter=&players=0&startdate=2023-03-30&enddate=2023-03-30&page=1_1000"
"Eduardo Rodriguez","DET",1,1,5.1,0.238,0.095,1.69,0.154,0.556,0.286,0.214,0.5,0.143,88.5,0.94,5.06,5.68,4.91,4.49,0,5.1,NA,0.309,0.571,0.091,0.375,0.071,0.429,2023-03-31,"https://www.fangraphs.com/leaders.aspx?pos=all&stats=pit&lg=all&qual=0&type=c%2C7%2C8%2C13%2C120%2C121%2C40%2C43%2C44%2C48%2C47%2C49%2C51%2C322%2C42%2C6%2C45%2C62%2C122%2C59%2C55%2C57%2C105%2C112%2C113%2C111%2C325%2C328&season=2023&month=1000&season1=2023&ind=0&team=0&rost=0&age=0&filter=&players=0&startdate=2023-03-30&enddate=2023-03-30&page=1_1000"
"Patrick Corbin","WSN",1,1,3,0.15,0.15,0,0.5,0.6,0.643,0.143,0.214,0,90,3.33,6,4.99,6.26,5.47,0,3,NA,0.204,0.4,0.118,0.424,0,0.5,2023-03-31,"https://www.fangraphs.com/leaders.aspx?pos=all&stats=pit&lg=all&qual=0&type=c%2C7%2C8%2C13%2C120%2C121%2C40%2C43%2C44%2C48%2C47%2C49%2C51%2C322%2C42%2C6%2C45%2C62%2C122%2C59%2C55%2C57%2C105%2C112%2C113%2C111%2C325%2C328&season=2023&month=1000&season1=2023&ind=0&team=0&rost=0&age=0&filter=&players=0&startdate=2023-03-30&enddate=2023-03-30&page=1_1000"
"Logan Webb","SFG",1,1,6,0.5,0.083,3,0.25,0.625,0.5,0.1,0.4,0.5,87.4,1,6,5.33,1.84,1.79,0,6,NA,0.358,0.75,0.163,0.424,0.2,0.4,2023-03-31,"https://www.fangraphs.com/leaders.aspx?pos=all&stats=pit&lg=all&qual=0&type=c%2C7%2C8%2C13%2C120%2C121%2C40%2C43%2C44%2C48%2C47%2C49%2C51%2C322%2C42%2C6%2C45%2C62%2C122%2C59%2C55%2C57%2C105%2C112%2C113%2C111%2C325%2C328&season=2023&month=1000&season1=2023&ind=0&team=0&rost=0&age=0&filter=&players=0&startdate=2023-03-30&enddate=2023-03-30&page=1_1000"
"Blake Snell","SDP",1,1,4.1,0.429,0.048,0,0.545,0.571,0.364,0.455,0.182,0,88.4,1.62,6.23,0.53,1.12,1.89,0.3,4.1,NA,0.356,0.524,0.204,0.366,0,0.182,2023-03-31,"https://www.fangraphs.com/leaders.aspx?pos=all&stats=pit&lg=all&qual=0&type=c%2C7%2C8%2C13%2C120%2C121%2C40%2C43%2C44%2C48%2C47%2C49%2C51%2C322%2C42%2C6%2C45%2C62%2C122%2C59%2C55%2C57%2C105%2C112%2C113%2C111%2C325%2C328&season=2023&month=1000&season1=2023&ind=0&team=0&rost=0&age=0&filter=&players=0&startdate=2023-03-30&enddate=2023-03-30&page=1_1000"
"Andre Pallante","STL",1,0,1.1,0,0.167,0,0.4,0.667,0.8,0.2,0,0,84.6,2.25,6.75,6.24,6.24,5.07,-0.1,NA,1.1,0.286,0.833,0.083,0.417,0,0.6,2023-03-31,"https://www.fangraphs.com/leaders.aspx?pos=all&stats=pit&lg=all&qual=0&type=c%2C7%2C8%2C13%2C120%2C121%2C40%2C43%2C44%2C48%2C47%2C49%2C51%2C322%2C42%2C6%2C45%2C62%2C122%2C59%2C55%2C57%2C105%2C112%2C113%2C111%2C325%2C328&season=2023&month=1000&season1=2023&ind=0&team=0&rost=0&age=0&filter=&players=0&startdate=2023-03-30&enddate=2023-03-30&page=1_1000"
"Kyle Gibson","BAL",1,1,5,0.143,0.048,0,0.375,0.5,0.5,0.313,0.188,0,91.4,1.4,7.2,3.99,4.75,4.32,0.1,5,NA,0.391,0.714,0.076,0.418,0.063,0.375,2023-03-31,"https://www.fangraphs.com/leaders.aspx?pos=all&stats=pit&lg=all&qual=0&type=c%2C7%2C8%2C13%2C120%2C121%2C40%2C43%2C44%2C48%2C47%2C49%2C51%2C322%2C42%2C6%2C45%2C62%2C122%2C59%2C55%2C57%2C105%2C112%2C113%2C111%2C325%2C328&season=2023&month=1000&season1=2023&ind=0&team=0&rost=0&age=0&filter=&players=0&startdate=2023-03-30&enddate=2023-03-30&page=1_1000"
"Corbin Burnes","MIL",1,1,5,0.13,0.13,0,0.25,0.5,0.688,0.063,0.25,0,91.3,1.4,7.2,5.19,6.21,5.36,0,5,NA,0.34,0.696,0.08,0.384,0.063,0.375,2023-03-31,"https://www.fangraphs.com/leaders.aspx?pos=all&stats=pit&lg=all&qual=0&type=c%2C7%2C8%2C13%2C120%2C121%2C40%2C43%2C44%2C48%2C47%2C49%2C51%2C322%2C42%2C6%2C45%2C62%2C122%2C59%2C55%2C57%2C105%2C112%2C113%2C111%2C325%2C328&season=2023&month=1000&season1=2023&ind=0&team=0&rost=0&age=0&filter=&players=0&startdate=2023-03-30&enddate=2023-03-30&page=1_1000"
"Mitch Keller","PIT",1,1,4.2,0.348,0.174,1.93,0.5,0.698,0.455,0.364,0.182,0.5,82.7,2.14,7.71,5.92,3.68,4.2,0,4.2,NA,0.309,0.522,0.139,0.45,0.182,0.182,2023-03-31,"https://www.fangraphs.com/leaders.aspx?pos=all&stats=pit&lg=all&qual=0&type=c%2C7%2C8%2C13%2C120%2C121%2C40%2C43%2C44%2C48%2C47%2C49%2C51%2C322%2C42%2C6%2C45%2C62%2C122%2C59%2C55%2C57%2C105%2C112%2C113%2C111%2C325%2C328&season=2023&month=1000&season1=2023&ind=0&team=0&rost=0&age=0&filter=&players=0&startdate=2023-03-30&enddate=2023-03-30&page=1_1000"
"Hunter Greene","CIN",1,1,3.1,0.444,0.167,2.7,0.667,0.758,0.167,0.5,0.333,0.5,95.9,2.4,8.1,5.79,2.65,3.24,0,3.1,NA,0.262,0.722,0.06,0.488,0.143,0.429,2023-03-31,"https://www.fangraphs.com/leaders.aspx?pos=all&stats=pit&lg=all&qual=0&type=c%2C7%2C8%2C13%2C120%2C121%2C40%2C43%2C44%2C48%2C47%2C49%2C51%2C322%2C42%2C6%2C45%2C62%2C122%2C59%2C55%2C57%2C105%2C112%2C113%2C111%2C325%2C328&season=2023&month=1000&season1=2023&ind=0&team=0&rost=0&age=0&filter=&players=0&startdate=2023-03-30&enddate=2023-03-30&page=1_1000"
"Lucas Luetge","ATL",1,0,1,0,0,0,0.4,0.5,1,0,0,0,91.6,2,9,3.99,3.99,-1.07,0,NA,1,0.444,0.6,0.118,0.471,0,0.6,2023-03-31,"https://www.fangraphs.com/leaders.aspx?pos=all&stats=pit&lg=all&qual=0&type=c%2C7%2C8%2C13%2C120%2C121%2C40%2C43%2C44%2C48%2C47%2C49%2C51%2C322%2C42%2C6%2C45%2C62%2C122%2C59%2C55%2C57%2C105%2C112%2C113%2C111%2C325%2C328&season=2023&month=1000&season1=2023&ind=0&team=0&rost=0&age=0&filter=&players=0&startdate=2023-03-30&enddate=2023-03-30&page=1_1000"
"Domingo Tapia","SDP",1,0,2,0.4,0,9,0.75,1,0.5,0.167,0.333,1,98.4,2.5,9,12.99,1.26,1.33,-0.1,NA,2,0.481,0.7,0.143,0.357,0.5,0.833,2023-03-31,"https://www.fangraphs.com/leaders.aspx?pos=all&stats=pit&lg=all&qual=0&type=c%2C7%2C8%2C13%2C120%2C121%2C40%2C43%2C44%2C48%2C47%2C49%2C51%2C322%2C42%2C6%2C45%2C62%2C122%2C59%2C55%2C57%2C105%2C112%2C113%2C111%2C325%2C328&season=2023&month=1000&season1=2023&ind=0&team=0&rost=0&age=0&filter=&players=0&startdate=2023-03-30&enddate=2023-03-30&page=1_1000"
"Rafael Montero","HOU",1,0,1,0.25,0,9,0,1,0.667,0,0.333,1,91.8,1,9,14.99,3.26,2.28,-0.2,NA,1,0.5,0.5,0.4,0.4,0,0.667,2023-03-31,"https://www.fangraphs.com/leaders.aspx?pos=all&stats=pit&lg=all&qual=0&type=c%2C7%2C8%2C13%2C120%2C121%2C40%2C43%2C44%2C48%2C47%2C49%2C51%2C322%2C42%2C6%2C45%2C62%2C122%2C59%2C55%2C57%2C105%2C112%2C113%2C111%2C325%2C328&season=2023&month=1000&season1=2023&ind=0&team=0&rost=0&age=0&filter=&players=0&startdate=2023-03-30&enddate=2023-03-30&page=1_1000"
"John Brebbia","SFG",1,0,1,0.5,0,0,1,0.667,0,0.667,0.333,0,90.3,3,9,-2.01,-0.74,0.76,0.1,NA,1,0.429,0.667,0.304,0.391,0,0.667,2023-03-31,"https://www.fangraphs.com/leaders.aspx?pos=all&stats=pit&lg=all&qual=0&type=c%2C7%2C8%2C13%2C120%2C121%2C40%2C43%2C44%2C48%2C47%2C49%2C51%2C322%2C42%2C6%2C45%2C62%2C122%2C59%2C55%2C57%2C105%2C112%2C113%2C111%2C325%2C328&season=2023&month=1000&season1=2023&ind=0&team=0&rost=0&age=0&filter=&players=0&startdate=2023-03-30&enddate=2023-03-30&page=1_1000"
"Buck Farmer","CIN",1,0,1,0.25,0.25,0,0,0,0,0,1,0,89.7,1,9,4.99,6.26,6.6,0,NA,1,0.333,NA,0.118,0.118,0,0,2023-03-31,"https://www.fangraphs.com/leaders.aspx?pos=all&stats=pit&lg=all&qual=0&type=c%2C7%2C8%2C13%2C120%2C121%2C40%2C43%2C44%2C48%2C47%2C49%2C51%2C322%2C42%2C6%2C45%2C62%2C122%2C59%2C55%2C57%2C105%2C112%2C113%2C111%2C325%2C328&season=2023&month=1000&season1=2023&ind=0&team=0&rost=0&age=0&filter=&players=0&startdate=2023-03-30&enddate=2023-03-30&page=1_1000"
"Tim Mayza","TOR",1,0,0,0,0,0,1,0.667,0.333,0.667,0,0,90.9,3,9,3.99,3.99,NA,0,NA,0,0.5,1,0.125,0.5,0,0.333,2023-03-31,"https://www.fangraphs.com/leaders.aspx?pos=all&stats=pit&lg=all&qual=0&type=c%2C7%2C8%2C13%2C120%2C121%2C40%2C43%2C44%2C48%2C47%2C49%2C51%2C322%2C42%2C6%2C45%2C62%2C122%2C59%2C55%2C57%2C105%2C112%2C113%2C111%2C325%2C328&season=2023&month=1000&season1=2023&ind=0&team=0&rost=0&age=0&filter=&players=0&startdate=2023-03-30&enddate=2023-03-30&page=1_1000"
"Reynaldo Lopez","CHW",1,0,1,0.2,0.2,9,0,1,0.667,0,0.333,1,99,2,9,17.99,6.26,5.72,-0.2,NA,1,0.467,1,0.074,0.444,0,0.667,2023-03-31,"https://www.fangraphs.com/leaders.aspx?pos=all&stats=pit&lg=all&qual=0&type=c%2C7%2C8%2C13%2C120%2C121%2C40%2C43%2C44%2C48%2C47%2C49%2C51%2C322%2C42%2C6%2C45%2C62%2C122%2C59%2C55%2C57%2C105%2C112%2C113%2C111%2C325%2C328&season=2023&month=1000&season1=2023&ind=0&team=0&rost=0&age=0&filter=&players=0&startdate=2023-03-30&enddate=2023-03-30&page=1_1000"
"Kaleb Ort","BOS",1,0,2,0.111,0,0,0.5,0.5,0.429,0.286,0.286,0,79.3,2,9,2.99,4.26,4.28,0,NA,2,0.4,0.667,0.042,0.375,0,0.25,2023-03-31,"https://www.fangraphs.com/leaders.aspx?pos=all&stats=pit&lg=all&qual=0&type=c%2C7%2C8%2C13%2C120%2C121%2C40%2C43%2C44%2C48%2C47%2C49%2C51%2C322%2C42%2C6%2C45%2C62%2C122%2C59%2C55%2C57%2C105%2C112%2C113%2C111%2C325%2C328&season=2023&month=1000&season1=2023&ind=0&team=0&rost=0&age=0&filter=&players=0&startdate=2023-03-30&enddate=2023-03-30&page=1_1000"
"Felix Bautista","BAL",1,0,1,0.333,0.167,0,0.667,0.333,0.667,0.333,0,0,96.7,3,9,2.99,2.99,3.42,0,NA,1,0.412,0.833,0.2,0.32,0,0.667,2023-03-31,"https://www.fangraphs.com/leaders.aspx?pos=all&stats=pit&lg=all&qual=0&type=c%2C7%2C8%2C13%2C120%2C121%2C40%2C43%2C44%2C48%2C47%2C49%2C51%2C322%2C42%2C6%2C45%2C62%2C122%2C59%2C55%2C57%2C105%2C112%2C113%2C111%2C325%2C328&season=2023&month=1000&season1=2023&ind=0&team=0&rost=0&age=0&filter=&players=0&startdate=2023-03-30&enddate=2023-03-30&page=1_1000"
"Mason Englert","DET",1,0,1,0,0,9,0,1,0.5,0,0.5,0.5,98.2,1,9,16.99,6.53,6.14,-0.1,NA,1,0.2,0.75,0,0.545,0.25,0.75,2023-03-31,"https://www.fangraphs.com/leaders.aspx?pos=all&stats=pit&lg=all&qual=0&type=c%2C7%2C8%2C13%2C120%2C121%2C40%2C43%2C44%2C48%2C47%2C49%2C51%2C322%2C42%2C6%2C45%2C62%2C122%2C59%2C55%2C57%2C105%2C112%2C113%2C111%2C325%2C328&season=2023&month=1000&season1=2023&ind=0&team=0&rost=0&age=0&filter=&players=0&startdate=2023-03-30&enddate=2023-03-30&page=1_1000"
"Zac Gallen","ARI",1,1,4.2,0.304,0.13,0,0.462,0.444,0.231,0.538,0.231,0,87.9,1.93,9.64,2.92,3.74,4.03,0.1,4.2,NA,0.3,0.609,0.135,0.438,0,0.385,2023-03-31,"https://www.fangraphs.com/leaders.aspx?pos=all&stats=pit&lg=all&qual=0&type=c%2C7%2C8%2C13%2C120%2C121%2C40%2C43%2C44%2C48%2C47%2C49%2C51%2C322%2C42%2C6%2C45%2C62%2C122%2C59%2C55%2C57%2C105%2C112%2C113%2C111%2C325%2C328&season=2023&month=1000&season1=2023&ind=0&team=0&rost=0&age=0&filter=&players=0&startdate=2023-03-30&enddate=2023-03-30&page=1_1000"
"Nabil Crismatt","SDP",1,0,1.2,0.222,0,5.4,0.5,0.769,0.571,0,0.429,0.333,80.5,2.4,10.8,9.39,3.88,2.96,-0.2,NA,1.2,0.455,0.222,0.125,0.313,0,0.429,2023-03-31,"https://www.fangraphs.com/leaders.aspx?pos=all&stats=pit&lg=all&qual=0&type=c%2C7%2C8%2C13%2C120%2C121%2C40%2C43%2C44%2C48%2C47%2C49%2C51%2C322%2C42%2C6%2C45%2C62%2C122%2C59%2C55%2C57%2C105%2C112%2C113%2C111%2C325%2C328&season=2023&month=1000&season1=2023&ind=0&team=0&rost=0&age=0&filter=&players=0&startdate=2023-03-30&enddate=2023-03-30&page=1_1000"
"Jacob deGrom","TEX",1,1,3.2,0.412,0,2.45,0.556,0.217,0.2,0.3,0.5,0.2,85.8,1.64,12.27,3.72,1.91,1.86,0.1,3.2,NA,0.408,0.765,0.137,0.329,0.1,0.3,2023-03-31,"https://www.fangraphs.com/leaders.aspx?pos=all&stats=pit&lg=all&qual=0&type=c%2C7%2C8%2C13%2C120%2C121%2C40%2C43%2C44%2C48%2C47%2C49%2C51%2C322%2C42%2C6%2C45%2C62%2C122%2C59%2C55%2C57%2C105%2C112%2C113%2C111%2C325%2C328&season=2023&month=1000&season1=2023&ind=0&team=0&rost=0&age=0&filter=&players=0&startdate=2023-03-30&enddate=2023-03-30&page=1_1000"
"Aaron Nola","PHI",1,1,3.2,0.235,0.118,2.45,0.3,0.217,0.364,0.364,0.273,0.333,92.2,1.64,12.27,6.99,4.49,4.57,-0.1,3.2,NA,0.346,0.529,0.069,0.278,0.091,0.455,2023-03-31,"https://www.fangraphs.com/leaders.aspx?pos=all&stats=pit&lg=all&qual=0&type=c%2C7%2C8%2C13%2C120%2C121%2C40%2C43%2C44%2C48%2C47%2C49%2C51%2C322%2C42%2C6%2C45%2C62%2C122%2C59%2C55%2C57%2C105%2C112%2C113%2C111%2C325%2C328&season=2023&month=1000&season1=2023&ind=0&team=0&rost=0&age=0&filter=&players=0&startdate=2023-03-30&enddate=2023-03-30&page=1_1000"
"Corey Kluber","BOS",1,1,3.1,0.211,0.211,5.4,0.444,0.694,0.182,0.455,0.364,0.5,90.2,3,13.5,12.99,6.72,6.49,-0.2,3.1,NA,0.32,0.579,0.075,0.367,0.091,0.545,2023-03-31,"https://www.fangraphs.com/leaders.aspx?pos=all&stats=pit&lg=all&qual=0&type=c%2C7%2C8%2C13%2C120%2C121%2C40%2C43%2C44%2C48%2C47%2C49%2C51%2C322%2C42%2C6%2C45%2C62%2C122%2C59%2C55%2C57%2C105%2C112%2C113%2C111%2C325%2C328&season=2023&month=1000&season1=2023&ind=0&team=0&rost=0&age=0&filter=&players=0&startdate=2023-03-30&enddate=2023-03-30&page=1_1000"
"Miles Mikolas","STL",1,1,3.1,0.286,0,0,0.714,0.545,0.214,0.429,0.357,0,91,3,13.5,1.29,3.2,2.95,0.2,3.1,NA,0.353,0.429,0.089,0.433,0.143,0.5,2023-03-31,"https://www.fangraphs.com/leaders.aspx?pos=all&stats=pit&lg=all&qual=0&type=c%2C7%2C8%2C13%2C120%2C121%2C40%2C43%2C44%2C48%2C47%2C49%2C51%2C322%2C42%2C6%2C45%2C62%2C122%2C59%2C55%2C57%2C105%2C112%2C113%2C111%2C325%2C328&season=2023&month=1000&season1=2023&ind=0&team=0&rost=0&age=0&filter=&players=0&startdate=2023-03-30&enddate=2023-03-30&page=1_1000"
"Alek Manoah","TOR",1,1,3.1,0.143,0.095,5.4,0.5,0.732,0.438,0.313,0.25,0.5,85.7,3.3,13.5,11.79,5.52,5.22,-0.2,3.1,NA,0.34,0.571,0.14,0.412,0.188,0.375,2023-03-31,"https://www.fangraphs.com/leaders.aspx?pos=all&stats=pit&lg=all&qual=0&type=c%2C7%2C8%2C13%2C120%2C121%2C40%2C43%2C44%2C48%2C47%2C49%2C51%2C322%2C42%2C6%2C45%2C62%2C122%2C59%2C55%2C57%2C105%2C112%2C113%2C111%2C325%2C328&season=2023&month=1000&season1=2023&ind=0&team=0&rost=0&age=0&filter=&players=0&startdate=2023-03-30&enddate=2023-03-30&page=1_1000"
"Carlos Vargas","ARI",1,0,0.2,0.4,0.2,0,1,0.667,0,1,0,0,100.7,4.5,13.5,2.49,2.49,3.82,0,NA,0.2,0.182,0.6,0.111,0.389,0,1,2023-03-31,"https://www.fangraphs.com/leaders.aspx?pos=all&stats=pit&lg=all&qual=0&type=c%2C7%2C8%2C13%2C120%2C121%2C40%2C43%2C44%2C48%2C47%2C49%2C51%2C322%2C42%2C6%2C45%2C62%2C122%2C59%2C55%2C57%2C105%2C112%2C113%2C111%2C325%2C328&season=2023&month=1000&season1=2023&ind=0&team=0&rost=0&age=0&filter=&players=0&startdate=2023-03-30&enddate=2023-03-30&page=1_1000"
"Ryan Pressly","HOU",1,0,1,0.167,0.167,0,0.5,0.333,0.25,0.25,0.5,0,101.6,3,18,4.99,7.53,6.09,0,NA,1,0.182,0.5,0.143,0.476,0,0.75,2023-03-31,"https://www.fangraphs.com/leaders.aspx?pos=all&stats=pit&lg=all&qual=0&type=c%2C7%2C8%2C13%2C120%2C121%2C40%2C43%2C44%2C48%2C47%2C49%2C51%2C322%2C42%2C6%2C45%2C62%2C122%2C59%2C55%2C57%2C105%2C112%2C113%2C111%2C325%2C328&season=2023&month=1000&season1=2023&ind=0&team=0&rost=0&age=0&filter=&players=0&startdate=2023-03-30&enddate=2023-03-30&page=1_1000"
"Yimi Garcia","TOR",1,0,1,0,0.286,0,0.4,0.5,0.25,0.75,0,0,94.5,4,18,9.99,9.99,10.43,-0.1,NA,1,0.231,0.571,0.19,0.381,0.2,0.4,2023-03-31,"https://www.fangraphs.com/leaders.aspx?pos=all&stats=pit&lg=all&qual=0&type=c%2C7%2C8%2C13%2C120%2C121%2C40%2C43%2C44%2C48%2C47%2C49%2C51%2C322%2C42%2C6%2C45%2C62%2C122%2C59%2C55%2C57%2C105%2C112%2C113%2C111%2C325%2C328&season=2023&month=1000&season1=2023&ind=0&team=0&rost=0&age=0&filter=&players=0&startdate=2023-03-30&enddate=2023-03-30&page=1_1000"
"Kyle Finnegan","WSN",1,0,1,0,0.333,0,0.25,0,0,0.5,0.5,0,102.3,3,18,9.99,12.53,12.64,0,NA,1,0,0.667,0.043,0.526,0.5,0.75,2023-03-31,"https://www.fangraphs.com/leaders.aspx?pos=all&stats=pit&lg=all&qual=0&type=c%2C7%2C8%2C13%2C120%2C121%2C40%2C43%2C44%2C48%2C47%2C49%2C51%2C322%2C42%2C6%2C45%2C62%2C122%2C59%2C55%2C57%2C105%2C112%2C113%2C111%2C325%2C328&season=2023&month=1000&season1=2023&ind=0&team=0&rost=0&age=0&filter=&players=0&startdate=2023-03-30&enddate=2023-03-30&page=1_1000"
"Cole Sulser","ARI",1,0,1,0,0.2,9,0.333,0.625,0.25,0.25,0.5,0.5,95,3,18,19.99,9.53,9.36,-0.1,NA,1,0.077,0.4,0.05,0.35,0.25,0.5,2023-03-31,"https://www.fangraphs.com/leaders.aspx?pos=all&stats=pit&lg=all&qual=0&type=c%2C7%2C8%2C13%2C120%2C121%2C40%2C43%2C44%2C48%2C47%2C49%2C51%2C322%2C42%2C6%2C45%2C62%2C122%2C59%2C55%2C57%2C105%2C112%2C113%2C111%2C325%2C328&season=2023&month=1000&season1=2023&ind=0&team=0&rost=0&age=0&filter=&players=0&startdate=2023-03-30&enddate=2023-03-30&page=1_1000"
"Ryan Helsley","STL",1,0,1,0,0.167,0,0.4,0.333,0.4,0,0.6,0,88.9,3,18,6.99,10.8,8.68,-0.1,NA,1,0.455,0.333,0.08,0.542,0,0.6,2023-03-31,"https://www.fangraphs.com/leaders.aspx?pos=all&stats=pit&lg=all&qual=0&type=c%2C7%2C8%2C13%2C120%2C121%2C40%2C43%2C44%2C48%2C47%2C49%2C51%2C322%2C42%2C6%2C45%2C62%2C122%2C59%2C55%2C57%2C105%2C112%2C113%2C111%2C325%2C328&season=2023&month=1000&season1=2023&ind=0&team=0&rost=0&age=0&filter=&players=0&startdate=2023-03-30&enddate=2023-03-30&page=1_1000"
"Jordan Hicks","STL",1,0,1,0.143,0.143,0,0.6,0.5,0.6,0.2,0.2,0,69.1,4,18,4.99,6.26,5.12,0,NA,1,0.563,0.714,0.111,0.407,0,0,2023-03-31,"https://www.fangraphs.com/leaders.aspx?pos=all&stats=pit&lg=all&qual=0&type=c%2C7%2C8%2C13%2C120%2C121%2C40%2C43%2C44%2C48%2C47%2C49%2C51%2C322%2C42%2C6%2C45%2C62%2C122%2C59%2C55%2C57%2C105%2C112%2C113%2C111%2C325%2C328&season=2023&month=1000&season1=2023&ind=0&team=0&rost=0&age=0&filter=&players=0&startdate=2023-03-30&enddate=2023-03-30&page=1_1000"
"Connor Brogdon","PHI",1,0,1,0.2,0,9,0.667,0.625,0,0.5,0.5,0.5,97.2,3,18,14.99,4.53,4.7,-0.2,NA,1,0.4,0.2,0.143,0.286,0.5,0.75,2023-03-31,"https://www.fangraphs.com/leaders.aspx?pos=all&stats=pit&lg=all&qual=0&type=c%2C7%2C8%2C13%2C120%2C121%2C40%2C43%2C44%2C48%2C47%2C49%2C51%2C322%2C42%2C6%2C45%2C62%2C122%2C59%2C55%2C57%2C105%2C112%2C113%2C111%2C325%2C328&season=2023&month=1000&season1=2023&ind=0&team=0&rost=0&age=0&filter=&players=0&startdate=2023-03-30&enddate=2023-03-30&page=1_1000"
"Ryan Brasier","BOS",1,0,1,0,0.286,0,0.5,0.4,0.25,0.5,0.25,0,95.8,4,27,12.99,14.26,10.68,-0.1,NA,1,0.2,0.286,0.028,0.286,0,0.75,2023-03-31,"https://www.fangraphs.com/leaders.aspx?pos=all&stats=pit&lg=all&qual=0&type=c%2C7%2C8%2C13%2C120%2C121%2C40%2C43%2C44%2C48%2C47%2C49%2C51%2C322%2C42%2C6%2C45%2C62%2C122%2C59%2C55%2C57%2C105%2C112%2C113%2C111%2C325%2C328&season=2023&month=1000&season1=2023&ind=0&team=0&rost=0&age=0&filter=&players=0&startdate=2023-03-30&enddate=2023-03-30&page=1_1000"
"Gregory Soto","PHI",1,0,0,0,0.5,0,1,0,0.5,0,0.5,0,71.3,4,27,9.99,11.26,NA,0,NA,0,0.2,0.75,0.105,0.211,0,0,2023-03-31,"https://www.fangraphs.com/leaders.aspx?pos=all&stats=pit&lg=all&qual=0&type=c%2C7%2C8%2C13%2C120%2C121%2C40%2C43%2C44%2C48%2C47%2C49%2C51%2C322%2C42%2C6%2C45%2C62%2C122%2C59%2C55%2C57%2C105%2C112%2C113%2C111%2C325%2C328&season=2023&month=1000&season1=2023&ind=0&team=0&rost=0&age=0&filter=&players=0&startdate=2023-03-30&enddate=2023-03-30&page=1_1000"
"Fernando Cruz","CIN",1,0,0.1,0,0.75,0,0,0.667,1,0,0,0,70.1,9,27,30.99,30.99,26.82,-0.1,NA,0.1,0.118,0.75,0.083,0.292,0,0,2023-03-31,"https://www.fangraphs.com/leaders.aspx?pos=all&stats=pit&lg=all&qual=0&type=c%2C7%2C8%2C13%2C120%2C121%2C40%2C43%2C44%2C48%2C47%2C49%2C51%2C322%2C42%2C6%2C45%2C62%2C122%2C59%2C55%2C57%2C105%2C112%2C113%2C111%2C325%2C328&season=2023&month=1000&season1=2023&ind=0&team=0&rost=0&age=0&filter=&players=0&startdate=2023-03-30&enddate=2023-03-30&page=1_1000"
"Anthony Bass","TOR",1,0,0.1,0,0.333,0,0.5,0.5,1,0,0,0,88.6,6,27,12.99,12.99,9.13,0,NA,0.1,0.111,1,0,0.308,0,0.5,2023-03-31,"https://www.fangraphs.com/leaders.aspx?pos=all&stats=pit&lg=all&qual=0&type=c%2C7%2C8%2C13%2C120%2C121%2C40%2C43%2C44%2C48%2C47%2C49%2C51%2C322%2C42%2C6%2C45%2C62%2C122%2C59%2C55%2C57%2C105%2C112%2C113%2C111%2C325%2C328&season=2023&month=1000&season1=2023&ind=0&team=0&rost=0&age=0&filter=&players=0&startdate=2023-03-30&enddate=2023-03-30&page=1_1000"
"Bryan Baker","BAL",1,0,0.2,0.167,0.167,0,0.667,0.25,0,0.667,0.333,0,96.8,4.5,40.5,9.99,11.9,6.09,0,NA,0.2,0.4,0.833,0.176,0.375,0,0.667,2023-03-31,"https://www.fangraphs.com/leaders.aspx?pos=all&stats=pit&lg=all&qual=0&type=c%2C7%2C8%2C13%2C120%2C121%2C40%2C43%2C44%2C48%2C47%2C49%2C51%2C322%2C42%2C6%2C45%2C62%2C122%2C59%2C55%2C57%2C105%2C112%2C113%2C111%2C325%2C328&season=2023&month=1000&season1=2023&ind=0&team=0&rost=0&age=0&filter=&players=0&startdate=2023-03-30&enddate=2023-03-30&page=1_1000"
"Aaron Loup","LAA",1,0,0.1,0.333,0,0,1,0,0.5,0,0.5,0,97.4,6,54,-2.01,1.8,1.99,0,NA,0.1,0,0.667,0.2,0.6,0,1,2023-03-31,"https://www.fangraphs.com/leaders.aspx?pos=all&stats=pit&lg=all&qual=0&type=c%2C7%2C8%2C13%2C120%2C121%2C40%2C43%2C44%2C48%2C47%2C49%2C51%2C322%2C42%2C6%2C45%2C62%2C122%2C59%2C55%2C57%2C105%2C112%2C113%2C111%2C325%2C328&season=2023&month=1000&season1=2023&ind=0&team=0&rost=0&age=0&filter=&players=0&startdate=2023-03-30&enddate=2023-03-30&page=1_1000"
"Tanner Scott","MIA",1,0,0.1,0,0.25,0,0.667,0.333,0.333,0.667,0,0,98.5,9,54,12.99,12.99,9.29,0,NA,0.1,0.222,0.5,0.067,0.4,0,0.667,2023-03-31,"https://www.fangraphs.com/leaders.aspx?pos=all&stats=pit&lg=all&qual=0&type=c%2C7%2C8%2C13%2C120%2C121%2C40%2C43%2C44%2C48%2C47%2C49%2C51%2C322%2C42%2C6%2C45%2C62%2C122%2C59%2C55%2C57%2C105%2C112%2C113%2C111%2C325%2C328&season=2023&month=1000&season1=2023&ind=0&team=0&rost=0&age=0&filter=&players=0&startdate=2023-03-30&enddate=2023-03-30&page=1_1000"
"James Karinchak","CLE",1,0,0.1,0,0.25,27,0,0,0,0,1,0.5,92.3,6,81,60.99,29.61,11.7,-0.3,NA,0.1,0.353,0.5,0,0.292,0,0.5,2023-03-31,"https://www.fangraphs.com/leaders.aspx?pos=all&stats=pit&lg=all&qual=0&type=c%2C7%2C8%2C13%2C120%2C121%2C40%2C43%2C44%2C48%2C47%2C49%2C51%2C322%2C42%2C6%2C45%2C62%2C122%2C59%2C55%2C57%2C105%2C112%2C113%2C111%2C325%2C328&season=2023&month=1000&season1=2023&ind=0&team=0&rost=0&age=0&filter=&players=0&startdate=2023-03-30&enddate=2023-03-30&page=1_1000"
